text,sentiment
,neutral
,neutral
FinanceSign inFinance,neutral
,neutral
FinanceSign in,neutral
Finance,neutral
,neutral
,neutral
,neutral
Finance,neutral
Finance,neutral
,neutral
Finance,neutral
,neutral
,neutral
,neutral
,neutral
,neutral
,neutral
,neutral
,neutral
,neutral
,neutral
,neutral
,neutral
,neutral
Sign in,neutral
Sign in,neutral
,neutral
,neutral
,neutral
Sign in,neutral
,neutral
Finance,neutral
Finance,neutral
Finance,neutral
Finance,neutral
,neutral
Finance,neutral
,neutral
,neutral
Financefinance_modeHomemanage_searchMarket trendsPortfoliosaddCreate portfolioWatchlistsaddCreate watchlistMost ActiveVodafone Idea Ltd0.00%Yes Bank Ltd+1.20%Indian Renewable Energy Dev Agency Ltd+11.40%GTL Infrastructure Limited+2.78%Indian Railway Finance Corp Ltd+2.92%Jaiprakash Associates Limited+8.65%settingsSettingsfeedbackSend feedback,positive
Financefinance_modeHomemanage_searchMarket trendsPortfoliosaddCreate portfolioWatchlistsaddCreate watchlistMost ActiveVodafone Idea Ltd0.00%Yes Bank Ltd+1.20%Indian Renewable Energy Dev Agency Ltd+11.40%GTL Infrastructure Limited+2.78%Indian Railway Finance Corp Ltd+2.92%Jaiprakash Associates Limited+8.65%settingsSettingsfeedbackSend feedback,positive
,neutral
Financefinance_modeHomemanage_searchMarket trendsPortfoliosaddCreate portfolioWatchlistsaddCreate watchlistMost ActiveVodafone Idea Ltd0.00%Yes Bank Ltd+1.20%Indian Renewable Energy Dev Agency Ltd+11.40%GTL Infrastructure Limited+2.78%Indian Railway Finance Corp Ltd+2.92%Jaiprakash Associates Limited+8.65%settingsSettingsfeedbackSend feedback,positive
Finance,neutral
Finance,neutral
finance_modeHomemanage_searchMarket trendsPortfoliosaddCreate portfolioWatchlistsaddCreate watchlistMost ActiveVodafone Idea Ltd0.00%Yes Bank Ltd+1.20%Indian Renewable Energy Dev Agency Ltd+11.40%GTL Infrastructure Limited+2.78%Indian Railway Finance Corp Ltd+2.92%Jaiprakash Associates Limited+8.65%settingsSettingsfeedbackSend feedback,positive
finance_modeHomemanage_searchMarket trendsPortfoliosaddCreate portfolioWatchlistsaddCreate watchlistMost ActiveVodafone Idea Ltd0.00%Yes Bank Ltd+1.20%Indian Renewable Energy Dev Agency Ltd+11.40%GTL Infrastructure Limited+2.78%Indian Railway Finance Corp Ltd+2.92%Jaiprakash Associates Limited+8.65%,positive
Home,neutral
manage_searchMarket trends,neutral
Market trends,neutral
,neutral
PortfoliosaddCreate portfolio,neutral
Portfolios,neutral
addCreate portfolio,neutral
,neutral
,neutral
Create portfolio,positive
WatchlistsaddCreate watchlist,neutral
Watchlists,neutral
addCreate watchlist,neutral
,neutral
,neutral
Create watchlist,positive
,neutral
Most Active,positive
Most Active,positive
Vodafone Idea Ltd0.00%,neutral
,neutral
,neutral
,neutral
,neutral
Vodafone Idea Ltd,neutral
0.00%,neutral
0.00%,neutral
0.00%,neutral
0.00%,neutral
Yes Bank Ltd+1.20%,positive
,neutral
,neutral
,neutral
,neutral
Yes Bank Ltd,positive
+1.20%,neutral
+1.20%,neutral
+1.20%,neutral
+1.20%,neutral
Indian Renewable Energy Dev Agency Ltd+11.40%,positive
,neutral
,neutral
,neutral
,neutral
Indian Renewable Energy Dev Agency Ltd,positive
+11.40%,neutral
+11.40%,neutral
+11.40%,neutral
+11.40%,neutral
GTL Infrastructure Limited+2.78%,neutral
,neutral
,neutral
,neutral
,neutral
GTL Infrastructure Limited,negative
+2.78%,neutral
+2.78%,neutral
+2.78%,neutral
+2.78%,neutral
Indian Railway Finance Corp Ltd+2.92%,neutral
,neutral
,neutral
,neutral
,neutral
Indian Railway Finance Corp Ltd,neutral
+2.92%,neutral
+2.92%,neutral
+2.92%,neutral
+2.92%,neutral
Jaiprakash Associates Limited+8.65%,neutral
,neutral
,neutral
,neutral
,neutral
Jaiprakash Associates Limited,negative
+8.65%,neutral
+8.65%,neutral
+8.65%,neutral
+8.65%,neutral
settingsSettingsfeedbackSend feedback,neutral
,neutral
Settings,neutral
feedbackSend feedback,neutral
Send feedback,neutral
"MarketsUSEuropeIndiaCurrenciesCryptoFuturesNIFTY 5022,513.70-0.0042%-0.95NIFTY 5022,513.700.0042%SENSEX74,248.22+0.028%+20.59SENSEX74,248.220.028%Nifty Bank48,493.05+0.90%+432.25Nifty Bank48,493.050.90%Nifty IT35,247.90-0.50%-178.80Nifty IT35,247.900.50%S&P BSE SmallCap46,032.71+0.50%+228.74S&P BSE SmallCap46,032.710.50%HomeNIFTY_50 • IndexFollowShareNIFTY 5022,513.70Apr 5, 3:32:20 PM GMT+5:30 · INDEXNSE ·Disclaimer1D5D1M6MYTD1Y5YMAXinsightsKey eventsKey events shows relevant news articles on days with large price movementsKey eventsKey events shows relevant news articles on days with large price movementsKey eventsarrow_forward_iosKey events shows relevant news articles on days with large price movementsNo dataclosesearchCompare toBSE SENSEX74,248.22SENSEX0.028%Nifty Bank48,493.05NIFTY_BANK0.90%Dow Jones Industrial Average38,904.04.DJI0.80%NIFTY Next 5062,696.10NIFTY_NEXT_500.86%NIFTY 50020,715.10NIFTY_5000.24%Nikkei 22538,992.08NI2251.96%Nifty VIX11.34INDIA_VIX1.05%Hang Seng Index16,723.92HSI0.0071%DAX PERFORMANCE-INDEX18,175.04DAX1.24%FTSE 100 Index7,911.16UKX0.81%stacked_line_chartIndexA measure of the price performance of a collection of securities that are grouped to represent a certain market or sectorPrevious closeThe last closing price22,514.65Day rangeThe range between the high and low prices over the past day22,427.60 - 22,537.60Year rangeThe range between the high and low prices over the past 52 weeks17,553.95 - 22,619.00News about MarketsmintStock market today: Sensex, Nifty 50 end flat after RBI policy decision; 
geopolitical tensions, crude oil prices weigh | Mint22 hours agoMoneycontrolClosing Bell: Sensex, Nifty end flat amid volatility; IT drags, realty, 
banks shine21 hours agoThe Economic TimesTech View: Nifty 50 in consolidation mode; what’s the trade set-up for next 
week?21 hours agoBy the numbersUpstoxSENSEX, NIFTY50 end flat, Banking and Realty stock shine after RBI keeps 
policy rate unchanged19 hours agomintTop Gainers and Losers today on 4 April, 2024: HDFC Bank, Eicher Motors, 
Oil & Natural Gas Corporation, Shriram Finance among most active stocks; 
Check full list here | Mint1 day agoMoneycontrol Hindiबीते 20 सालों में जानिए कब-कब गोल्ड ने निफ्टी 50 से दिया है ज्यादा रिटर्न22 hours agoThe Economic Times1 day agoTech View: Nifty chart shows bearish reversal; what traders should do on 
Fridayafaqs!1 day agoBeyond NIFTY 50, Invest in NIFTY 500 IndexMoneycontrol1 day agoClosing Bell: Nifty above 22,500, Sensex gains 351 pts; IT gains, oil & gas 
dragInvesting.com India2 days agoIndia's Nifty 50, Sensex hit record highs as small caps gain; RBI awaitedAboutThe NIFTY 50 is a benchmark Indian stock market index that represents the weighted average of 50 of the largest Indian companies listed on the National Stock Exchange.
Nifty 50 is owned and managed by NSE Indices, which is a wholly owned subsidiary of the NSE Strategic Investment Corporation Limited. NSE Indices had a marketing and licensing agreement with Standard & Poor's for co-branding equity indices until 2013. The Nifty 50 index was launched on 22 April 1996, and is one of the many stock indices of Nifty.
The NIFTY 50 index has shaped up to be the largest single financial product in India, with an ecosystem consisting of exchange-traded funds, and futures and options at NSE and SGX. NIFTY 50 is the world's most actively traded contract. WFE, IOM and FIA surveys endorse NSE's leadership position. Between 2008 and 2012, the NIFTY 50 index's share of NSE market fell from 65% to 29% due to the rise of sectoral indices like NIFTY Bank, NIFTY IT, NIFTY Pharma, and NIFTY Next 50.
The NIFTY 50 index covers 13 sectors of the Indian economy and offers investment managers exposure to the Indian market in one portfolio.WikipediaDiscover moreYou may be interested ininfoThis list is generated from recent searches, followed securities, and other activity.Learn moreAll data and information is provided “as is” for personal informational purposes only, and is not intended to be financial advice nor is it for trading purposes or investment, tax, legal, accounting or other advice. Google is not an investment adviser nor is it a financial adviser and expresses no view, recommendation or opinion with respect to any of the companies included in this list or any securities issued by those companies. Please consult your broker or financial representative to verify pricing before executing any trades.Learn moreIndexNIFTY 5022,513.700.0042%add_circle_outlineIndexBSE SENSEX74,248.220.028%add_circle_outlineIndexDow Jones Industrial Average38,904.040.80%add_circle_outlineRELIANCEReliance Industries Ltd₹2,925.950.0034%add_circle_outlineBSEBSE Ltd₹2,870.000.70%add_circle_outlineIndexS&P 5005,204.341.11%add_circle_outlineSBINState Bank of India₹765.900.87%add_circle_outlineYESBANKYes Bank Ltd₹25.201.20%add_circle_outlineM&MMahindra And Mahindra Ltd₹2,011.900.46%add_circle_outlineIDEAVodafone Idea Ltd₹13.350.00%add_circle_outlineITCITC Ltd₹427.501.12%add_circle_outlineNSNuStar Energy L.P.$22.840.52%add_circle_outlineIndexNIFTY 50020,715.100.24%add_circle_outlineINDUSINDBKIndusind Bank Ltd₹1,552.350.51%add_circle_outlineFRETAILFuture Retail Ltd₹2.554.08%add_circle_outlineIndexVIX16.031.96%add_circle_outlineUPLUPL Ltd₹494.000.21%add_circle_outlineBHARTIARTLBharti Airtel Ltd₹1,190.001.40%add_circle_outlinePeople also search forIndexBSE SENSEX74,248.220.028%add_circle_outlineIndexNifty Bank48,493.050.90%add_circle_outlineIndexDow Jones Industrial Average38,904.040.80%add_circle_outlineIndexNIFTY Next 5062,696.100.86%add_circle_outlineIndexNIFTY 50020,715.100.24%add_circle_outlineIndexNikkei 22538,992.081.96%add_circle_outlineIndexNifty VIX11.341.05%add_circle_outlineIndexHang Seng Index16,723.920.0071%add_circle_outlineIndexDAX PERFORMANCE-INDEX18,175.041.24%add_circle_outlineIndexFTSE 100 Index7,911.160.81%add_circle_outlineIndexNifty Financial Services21,556.650.86%add_circle_outlineIndexS&P 5005,204.341.11%add_circle_outlineIndexRussell 2000 Index2,063.470.47%add_circle_outlineIndexS&P BSE Midcap40,830.540.50%add_circle_outlineIndexVIX16.031.96%add_circle_outlineIndexKOSPI2,714.211.01%add_circle_outlineIndexNasdaq-10018,108.461.28%add_circle_outlineIndexCAC 408,061.311.11%add_circle_outlineHelpSend feedbackPrivacyTermsDisclaimer",positive
,neutral
,neutral
"MarketsUSEuropeIndiaCurrenciesCryptoFuturesNIFTY 5022,513.70-0.0042%-0.95NIFTY 5022,513.700.0042%SENSEX74,248.22+0.028%+20.59SENSEX74,248.220.028%Nifty Bank48,493.05+0.90%+432.25Nifty Bank48,493.050.90%Nifty IT35,247.90-0.50%-178.80Nifty IT35,247.900.50%S&P BSE SmallCap46,032.71+0.50%+228.74S&P BSE SmallCap46,032.710.50%",neutral
,neutral
"MarketsUSEuropeIndiaCurrenciesCryptoFuturesNIFTY 5022,513.70-0.0042%-0.95NIFTY 5022,513.700.0042%SENSEX74,248.22+0.028%+20.59SENSEX74,248.220.028%Nifty Bank48,493.05+0.90%+432.25Nifty Bank48,493.050.90%Nifty IT35,247.90-0.50%-178.80Nifty IT35,247.900.50%S&P BSE SmallCap46,032.71+0.50%+228.74S&P BSE SmallCap46,032.710.50%",neutral
"MarketsUSEuropeIndiaCurrenciesCryptoFuturesNIFTY 5022,513.70-0.0042%-0.95NIFTY 5022,513.700.0042%SENSEX74,248.22+0.028%+20.59SENSEX74,248.220.028%Nifty Bank48,493.05+0.90%+432.25Nifty Bank48,493.050.90%Nifty IT35,247.90-0.50%-178.80Nifty IT35,247.900.50%S&P BSE SmallCap46,032.71+0.50%+228.74S&P BSE SmallCap46,032.710.50%",neutral
,neutral
MarketsUSEuropeIndiaCurrenciesCryptoFutures,neutral
MarketsUSEuropeIndiaCurrenciesCryptoFutures,neutral
MarketsUSEuropeIndiaCurrenciesCryptoFutures,neutral
Markets,neutral
Markets,neutral
US,neutral
Europe,neutral
India,neutral
Currencies,neutral
Crypto,neutral
Futures,neutral
"NIFTY 5022,513.70-0.0042%-0.95NIFTY 5022,513.700.0042%SENSEX74,248.22+0.028%+20.59SENSEX74,248.220.028%Nifty Bank48,493.05+0.90%+432.25Nifty Bank48,493.050.90%Nifty IT35,247.90-0.50%-178.80Nifty IT35,247.900.50%S&P BSE SmallCap46,032.71+0.50%+228.74S&P BSE SmallCap46,032.710.50%",positive
"NIFTY 5022,513.70-0.0042%-0.95NIFTY 5022,513.700.0042%SENSEX74,248.22+0.028%+20.59SENSEX74,248.220.028%Nifty Bank48,493.05+0.90%+432.25Nifty Bank48,493.050.90%Nifty IT35,247.90-0.50%-178.80Nifty IT35,247.900.50%S&P BSE SmallCap46,032.71+0.50%+228.74S&P BSE SmallCap46,032.710.50%",positive
"NIFTY 5022,513.70-0.0042%-0.95NIFTY 5022,513.700.0042%SENSEX74,248.22+0.028%+20.59SENSEX74,248.220.028%Nifty Bank48,493.05+0.90%+432.25Nifty Bank48,493.050.90%Nifty IT35,247.90-0.50%-178.80Nifty IT35,247.900.50%S&P BSE SmallCap46,032.71+0.50%+228.74S&P BSE SmallCap46,032.710.50%",positive
"NIFTY 5022,513.70-0.0042%-0.95NIFTY 5022,513.700.0042%",positive
"NIFTY 5022,513.70-0.0042%-0.95",positive
,neutral
,neutral
,neutral
,neutral
"NIFTY 5022,513.70",positive
NIFTY 50,positive
"22,513.70",neutral
"22,513.70",neutral
"22,513.70",neutral
"22,513.70",neutral
-0.0042%-0.95,neutral
-0.0042%,neutral
-0.0042%,neutral
-0.0042%,neutral
-0.95,neutral
-0.95,neutral
-0.95,neutral
"NIFTY 5022,513.700.0042%",positive
"NIFTY 5022,513.700.0042%",positive
NIFTY 50,positive
"22,513.70",neutral
"22,513.70",neutral
"22,513.70",neutral
"22,513.70",neutral
0.0042%,neutral
0.0042%,neutral
0.0042%,neutral
,neutral
"SENSEX74,248.22+0.028%+20.59SENSEX74,248.220.028%",neutral
"SENSEX74,248.22+0.028%+20.59",neutral
,neutral
,neutral
,neutral
,neutral
"SENSEX74,248.22",neutral
SENSEX,neutral
"74,248.22",neutral
"74,248.22",neutral
"74,248.22",neutral
"74,248.22",neutral
+0.028%+20.59,neutral
+0.028%,neutral
+0.028%,neutral
+0.028%,neutral
+20.59,neutral
+20.59,neutral
+20.59,neutral
"SENSEX74,248.220.028%",neutral
"SENSEX74,248.220.028%",neutral
SENSEX,neutral
"74,248.22",neutral
"74,248.22",neutral
"74,248.22",neutral
"74,248.22",neutral
0.028%,neutral
0.028%,neutral
0.028%,neutral
,neutral
"Nifty Bank48,493.05+0.90%+432.25Nifty Bank48,493.050.90%",positive
"Nifty Bank48,493.05+0.90%+432.25",positive
,neutral
,neutral
,neutral
,neutral
"Nifty Bank48,493.05",positive
Nifty Bank,positive
"48,493.05",neutral
"48,493.05",neutral
"48,493.05",neutral
"48,493.05",neutral
+0.90%+432.25,neutral
+0.90%,neutral
+0.90%,neutral
+0.90%,neutral
+432.25,neutral
+432.25,neutral
+432.25,neutral
"Nifty Bank48,493.050.90%",positive
"Nifty Bank48,493.050.90%",positive
Nifty Bank,positive
"48,493.05",neutral
"48,493.05",neutral
"48,493.05",neutral
"48,493.05",neutral
0.90%,neutral
0.90%,neutral
0.90%,neutral
,neutral
"Nifty IT35,247.90-0.50%-178.80Nifty IT35,247.900.50%",positive
"Nifty IT35,247.90-0.50%-178.80",positive
,neutral
,neutral
,neutral
,neutral
"Nifty IT35,247.90",positive
Nifty IT,positive
"35,247.90",neutral
"35,247.90",neutral
"35,247.90",neutral
"35,247.90",neutral
-0.50%-178.80,neutral
-0.50%,neutral
-0.50%,neutral
-0.50%,neutral
-178.80,neutral
-178.80,neutral
-178.80,neutral
"Nifty IT35,247.900.50%",positive
"Nifty IT35,247.900.50%",positive
Nifty IT,positive
"35,247.90",neutral
"35,247.90",neutral
"35,247.90",neutral
"35,247.90",neutral
0.50%,neutral
0.50%,neutral
0.50%,neutral
,neutral
"S&P BSE SmallCap46,032.71+0.50%+228.74S&P BSE SmallCap46,032.710.50%",neutral
"S&P BSE SmallCap46,032.71+0.50%+228.74",neutral
,neutral
,neutral
,neutral
,neutral
"S&P BSE SmallCap46,032.71",neutral
S&P BSE SmallCap,neutral
"46,032.71",neutral
"46,032.71",neutral
"46,032.71",neutral
"46,032.71",neutral
+0.50%+228.74,neutral
+0.50%,neutral
+0.50%,neutral
+0.50%,neutral
+228.74,neutral
+228.74,neutral
+228.74,neutral
"S&P BSE SmallCap46,032.710.50%",neutral
"S&P BSE SmallCap46,032.710.50%",neutral
S&P BSE SmallCap,neutral
"46,032.71",neutral
"46,032.71",neutral
"46,032.71",neutral
"46,032.71",neutral
0.50%,neutral
0.50%,neutral
0.50%,neutral
,neutral
"HomeNIFTY_50 • IndexFollowShareNIFTY 5022,513.70Apr 5, 3:32:20 PM GMT+5:30 · INDEXNSE ·Disclaimer1D5D1M6MYTD1Y5YMAXinsightsKey eventsKey events shows relevant news articles on days with large price movementsKey eventsKey events shows relevant news articles on days with large price movementsKey eventsarrow_forward_iosKey events shows relevant news articles on days with large price movementsNo dataclosesearchCompare toBSE SENSEX74,248.22SENSEX0.028%Nifty Bank48,493.05NIFTY_BANK0.90%Dow Jones Industrial Average38,904.04.DJI0.80%NIFTY Next 5062,696.10NIFTY_NEXT_500.86%NIFTY 50020,715.10NIFTY_5000.24%Nikkei 22538,992.08NI2251.96%Nifty VIX11.34INDIA_VIX1.05%Hang Seng Index16,723.92HSI0.0071%DAX PERFORMANCE-INDEX18,175.04DAX1.24%FTSE 100 Index7,911.16UKX0.81%stacked_line_chartIndexA measure of the price performance of a collection of securities that are grouped to represent a certain market or sectorPrevious closeThe last closing price22,514.65Day rangeThe range between the high and low prices over the past day22,427.60 - 22,537.60Year rangeThe range between the high and low prices over the past 52 weeks17,553.95 - 22,619.00News about MarketsmintStock market today: Sensex, Nifty 50 end flat after RBI policy decision; 
geopolitical tensions, crude oil prices weigh | Mint22 hours agoMoneycontrolClosing Bell: Sensex, Nifty end flat amid volatility; IT drags, realty, 
banks shine21 hours agoThe Economic TimesTech View: Nifty 50 in consolidation mode; what’s the trade set-up for next 
week?21 hours agoBy the numbersUpstoxSENSEX, NIFTY50 end flat, Banking and Realty stock shine after RBI keeps 
policy rate unchanged19 hours agomintTop Gainers and Losers today on 4 April, 2024: HDFC Bank, Eicher Motors, 
Oil & Natural Gas Corporation, Shriram Finance among most active stocks; 
Check full list here | Mint1 day agoMoneycontrol Hindiबीते 20 सालों में जानिए कब-कब गोल्ड ने निफ्टी 50 से दिया है ज्यादा रिटर्न22 hours agoThe Economic Times1 day agoTech View: Nifty chart shows bearish reversal; what traders should do on 
Fridayafaqs!1 day agoBeyond NIFTY 50, Invest in NIFTY 500 IndexMoneycontrol1 day agoClosing Bell: Nifty above 22,500, Sensex gains 351 pts; IT gains, oil & gas 
dragInvesting.com India2 days agoIndia's Nifty 50, Sensex hit record highs as small caps gain; RBI awaitedAboutThe NIFTY 50 is a benchmark Indian stock market index that represents the weighted average of 50 of the largest Indian companies listed on the National Stock Exchange.
Nifty 50 is owned and managed by NSE Indices, which is a wholly owned subsidiary of the NSE Strategic Investment Corporation Limited. NSE Indices had a marketing and licensing agreement with Standard & Poor's for co-branding equity indices until 2013. The Nifty 50 index was launched on 22 April 1996, and is one of the many stock indices of Nifty.
The NIFTY 50 index has shaped up to be the largest single financial product in India, with an ecosystem consisting of exchange-traded funds, and futures and options at NSE and SGX. NIFTY 50 is the world's most actively traded contract. WFE, IOM and FIA surveys endorse NSE's leadership position. Between 2008 and 2012, the NIFTY 50 index's share of NSE market fell from 65% to 29% due to the rise of sectoral indices like NIFTY Bank, NIFTY IT, NIFTY Pharma, and NIFTY Next 50.
The NIFTY 50 index covers 13 sectors of the Indian economy and offers investment managers exposure to the Indian market in one portfolio.Wikipedia",positive
"HomeNIFTY_50 • IndexFollowShareNIFTY 5022,513.70Apr 5, 3:32:20 PM GMT+5:30 · INDEXNSE ·Disclaimer1D5D1M6MYTD1Y5YMAXinsightsKey eventsKey events shows relevant news articles on days with large price movementsKey eventsKey events shows relevant news articles on days with large price movementsKey eventsarrow_forward_iosKey events shows relevant news articles on days with large price movementsNo dataclosesearchCompare toBSE SENSEX74,248.22SENSEX0.028%Nifty Bank48,493.05NIFTY_BANK0.90%Dow Jones Industrial Average38,904.04.DJI0.80%NIFTY Next 5062,696.10NIFTY_NEXT_500.86%NIFTY 50020,715.10NIFTY_5000.24%Nikkei 22538,992.08NI2251.96%Nifty VIX11.34INDIA_VIX1.05%Hang Seng Index16,723.92HSI0.0071%DAX PERFORMANCE-INDEX18,175.04DAX1.24%FTSE 100 Index7,911.16UKX0.81%stacked_line_chartIndexA measure of the price performance of a collection of securities that are grouped to represent a certain market or sectorPrevious closeThe last closing price22,514.65Day rangeThe range between the high and low prices over the past day22,427.60 - 22,537.60Year rangeThe range between the high and low prices over the past 52 weeks17,553.95 - 22,619.00News about MarketsmintStock market today: Sensex, Nifty 50 end flat after RBI policy decision; 
geopolitical tensions, crude oil prices weigh | Mint22 hours agoMoneycontrolClosing Bell: Sensex, Nifty end flat amid volatility; IT drags, realty, 
banks shine21 hours agoThe Economic TimesTech View: Nifty 50 in consolidation mode; what’s the trade set-up for next 
week?21 hours agoBy the numbersUpstoxSENSEX, NIFTY50 end flat, Banking and Realty stock shine after RBI keeps 
policy rate unchanged19 hours agomintTop Gainers and Losers today on 4 April, 2024: HDFC Bank, Eicher Motors, 
Oil & Natural Gas Corporation, Shriram Finance among most active stocks; 
Check full list here | Mint1 day agoMoneycontrol Hindiबीते 20 सालों में जानिए कब-कब गोल्ड ने निफ्टी 50 से दिया है ज्यादा रिटर्न22 hours agoThe Economic Times1 day agoTech View: Nifty chart shows bearish reversal; what traders should do on 
Fridayafaqs!1 day agoBeyond NIFTY 50, Invest in NIFTY 500 IndexMoneycontrol1 day agoClosing Bell: Nifty above 22,500, Sensex gains 351 pts; IT gains, oil & gas 
dragInvesting.com India2 days agoIndia's Nifty 50, Sensex hit record highs as small caps gain; RBI awaitedAboutThe NIFTY 50 is a benchmark Indian stock market index that represents the weighted average of 50 of the largest Indian companies listed on the National Stock Exchange.
Nifty 50 is owned and managed by NSE Indices, which is a wholly owned subsidiary of the NSE Strategic Investment Corporation Limited. NSE Indices had a marketing and licensing agreement with Standard & Poor's for co-branding equity indices until 2013. The Nifty 50 index was launched on 22 April 1996, and is one of the many stock indices of Nifty.
The NIFTY 50 index has shaped up to be the largest single financial product in India, with an ecosystem consisting of exchange-traded funds, and futures and options at NSE and SGX. NIFTY 50 is the world's most actively traded contract. WFE, IOM and FIA surveys endorse NSE's leadership position. Between 2008 and 2012, the NIFTY 50 index's share of NSE market fell from 65% to 29% due to the rise of sectoral indices like NIFTY Bank, NIFTY IT, NIFTY Pharma, and NIFTY Next 50.
The NIFTY 50 index covers 13 sectors of the Indian economy and offers investment managers exposure to the Indian market in one portfolio.Wikipedia",positive
HomeNIFTY_50 • IndexFollowShareNIFTY 50,neutral
HomeNIFTY_50 • IndexFollowShare,neutral
HomeNIFTY_50 • Index,neutral
,neutral
FollowShare,neutral
Follow,neutral
Follow,neutral
,neutral
,neutral
Follow,neutral
Follow,neutral
Follow,neutral
,neutral
Follow,neutral
Share,positive
Share,positive
,neutral
,neutral
,neutral
,neutral
Share,positive
NIFTY 50,positive
"22,513.70Apr 5, 3:32:20 PM GMT+5:30 · INDEXNSE ·Disclaimer1D5D1M6MYTD1Y5YMAXinsightsKey eventsKey events shows relevant news articles on days with large price movementsKey eventsKey events shows relevant news articles on days with large price movementsKey eventsarrow_forward_iosKey events shows relevant news articles on days with large price movementsNo dataclosesearchCompare toBSE SENSEX74,248.22SENSEX0.028%Nifty Bank48,493.05NIFTY_BANK0.90%Dow Jones Industrial Average38,904.04.DJI0.80%NIFTY Next 5062,696.10NIFTY_NEXT_500.86%NIFTY 50020,715.10NIFTY_5000.24%Nikkei 22538,992.08NI2251.96%Nifty VIX11.34INDIA_VIX1.05%Hang Seng Index16,723.92HSI0.0071%DAX PERFORMANCE-INDEX18,175.04DAX1.24%FTSE 100 Index7,911.16UKX0.81%stacked_line_chartIndexA measure of the price performance of a collection of securities that are grouped to represent a certain market or sectorPrevious closeThe last closing price22,514.65Day rangeThe range between the high and low prices over the past day22,427.60 - 22,537.60Year rangeThe range between the high and low prices over the past 52 weeks17,553.95 - 22,619.00News about MarketsmintStock market today: Sensex, Nifty 50 end flat after RBI policy decision; 
geopolitical tensions, crude oil prices weigh | Mint22 hours agoMoneycontrolClosing Bell: Sensex, Nifty end flat amid volatility; IT drags, realty, 
banks shine21 hours agoThe Economic TimesTech View: Nifty 50 in consolidation mode; what’s the trade set-up for next 
week?21 hours agoBy the numbersUpstoxSENSEX, NIFTY50 end flat, Banking and Realty stock shine after RBI keeps 
policy rate unchanged19 hours agomintTop Gainers and Losers today on 4 April, 2024: HDFC Bank, Eicher Motors, 
Oil & Natural Gas Corporation, Shriram Finance among most active stocks; 
Check full list here | Mint1 day agoMoneycontrol Hindiबीते 20 सालों में जानिए कब-कब गोल्ड ने निफ्टी 50 से दिया है ज्यादा रिटर्न22 hours agoThe Economic Times1 day agoTech View: Nifty chart shows bearish reversal; what traders should do on 
Fridayafaqs!1 day agoBeyond NIFTY 50, Invest in NIFTY 500 IndexMoneycontrol1 day agoClosing Bell: Nifty above 22,500, Sensex gains 351 pts; IT gains, oil & gas 
dragInvesting.com India2 days agoIndia's Nifty 50, Sensex hit record highs as small caps gain; RBI awaitedAboutThe NIFTY 50 is a benchmark Indian stock market index that represents the weighted average of 50 of the largest Indian companies listed on the National Stock Exchange.
Nifty 50 is owned and managed by NSE Indices, which is a wholly owned subsidiary of the NSE Strategic Investment Corporation Limited. NSE Indices had a marketing and licensing agreement with Standard & Poor's for co-branding equity indices until 2013. The Nifty 50 index was launched on 22 April 1996, and is one of the many stock indices of Nifty.
The NIFTY 50 index has shaped up to be the largest single financial product in India, with an ecosystem consisting of exchange-traded funds, and futures and options at NSE and SGX. NIFTY 50 is the world's most actively traded contract. WFE, IOM and FIA surveys endorse NSE's leadership position. Between 2008 and 2012, the NIFTY 50 index's share of NSE market fell from 65% to 29% due to the rise of sectoral indices like NIFTY Bank, NIFTY IT, NIFTY Pharma, and NIFTY Next 50.
The NIFTY 50 index covers 13 sectors of the Indian economy and offers investment managers exposure to the Indian market in one portfolio.Wikipedia",positive
"22,513.70Apr 5, 3:32:20 PM GMT+5:30 · INDEXNSE ·Disclaimer1D5D1M6MYTD1Y5YMAXinsightsKey eventsKey events shows relevant news articles on days with large price movementsKey eventsKey events shows relevant news articles on days with large price movementsKey eventsarrow_forward_iosKey events shows relevant news articles on days with large price movementsNo dataclosesearchCompare toBSE SENSEX74,248.22SENSEX0.028%Nifty Bank48,493.05NIFTY_BANK0.90%Dow Jones Industrial Average38,904.04.DJI0.80%NIFTY Next 5062,696.10NIFTY_NEXT_500.86%NIFTY 50020,715.10NIFTY_5000.24%Nikkei 22538,992.08NI2251.96%Nifty VIX11.34INDIA_VIX1.05%Hang Seng Index16,723.92HSI0.0071%DAX PERFORMANCE-INDEX18,175.04DAX1.24%FTSE 100 Index7,911.16UKX0.81%",neutral
"22,513.70Apr 5, 3:32:20 PM GMT+5:30 · INDEXNSE ·Disclaimer1D5D1M6MYTD1Y5YMAXinsightsKey eventsKey events shows relevant news articles on days with large price movementsKey eventsKey events shows relevant news articles on days with large price movementsKey eventsarrow_forward_iosKey events shows relevant news articles on days with large price movementsNo dataclosesearchCompare toBSE SENSEX74,248.22SENSEX0.028%Nifty Bank48,493.05NIFTY_BANK0.90%Dow Jones Industrial Average38,904.04.DJI0.80%NIFTY Next 5062,696.10NIFTY_NEXT_500.86%NIFTY 50020,715.10NIFTY_5000.24%Nikkei 22538,992.08NI2251.96%Nifty VIX11.34INDIA_VIX1.05%Hang Seng Index16,723.92HSI0.0071%DAX PERFORMANCE-INDEX18,175.04DAX1.24%FTSE 100 Index7,911.16UKX0.81%",neutral
"22,513.70Apr 5, 3:32:20 PM GMT+5:30 · INDEXNSE ·Disclaimer",neutral
"22,513.70Apr 5, 3:32:20 PM GMT+5:30 · INDEXNSE ·Disclaimer",neutral
"22,513.70",neutral
"22,513.70",neutral
"22,513.70",neutral
"22,513.70",neutral
"22,513.70",neutral
"22,513.70",neutral
"22,513.70",neutral
,neutral
"Apr 5, 3:32:20 PM GMT+5:30 · INDEXNSE ·Disclaimer",neutral
Disclaimer,neutral
1D5D1M6MYTD1Y5YMAXinsightsKey eventsKey events shows relevant news articles on days with large price movementsKey eventsKey events shows relevant news articles on days with large price movementsKey eventsarrow_forward_iosKey events shows relevant news articles on days with large price movements,neutral
1D5D1M6MYTD1Y5YMAX,neutral
1D5D1M6MYTD1Y5YMAX,neutral
1D5D1M6MYTD1Y5YMAX,neutral
1D5D1M6MYTD1Y5YMAX,neutral
1D5D1M6MYTD1Y5YMAX,neutral
1D5D1M6MYTD1Y5YMAX,neutral
1D,neutral
1D,neutral
,neutral
,neutral
,neutral
,neutral
5D,neutral
5D,neutral
,neutral
,neutral
,neutral
,neutral
1M,neutral
1M,neutral
,neutral
,neutral
,neutral
,neutral
6M,neutral
6M,neutral
,neutral
,neutral
,neutral
,neutral
YTD,neutral
YTD,neutral
,neutral
,neutral
,neutral
,neutral
1Y,neutral
1Y,neutral
,neutral
,neutral
,neutral
,neutral
5Y,neutral
5Y,neutral
,neutral
,neutral
,neutral
,neutral
MAX,neutral
MAX,neutral
,neutral
,neutral
,neutral
,neutral
insightsKey eventsKey events shows relevant news articles on days with large price movementsKey eventsKey events shows relevant news articles on days with large price movementsKey eventsarrow_forward_iosKey events shows relevant news articles on days with large price movements,neutral
insightsKey eventsKey events shows relevant news articles on days with large price movements,neutral
insightsKey events,neutral
,neutral
,neutral
,neutral
Key events,neutral
Key events shows relevant news articles on days with large price movements,neutral
Key eventsKey events shows relevant news articles on days with large price movements,neutral
Key events,neutral
,neutral
,neutral
,neutral
Key events,neutral
Key events shows relevant news articles on days with large price movements,neutral
Key eventsarrow_forward_iosKey events shows relevant news articles on days with large price movements,neutral
Key eventsarrow_forward_ios,neutral
,neutral
,neutral
,neutral
Key events,neutral
Key events shows relevant news articles on days with large price movements,neutral
No data,negative
,neutral
No data,negative
,neutral
,neutral
,neutral
,neutral
,neutral
,neutral
,neutral
,neutral
,neutral
,neutral
,neutral
,neutral
,neutral
,neutral
,neutral
,neutral
,neutral
,neutral
,neutral
,neutral
,neutral
,neutral
"closesearchCompare toBSE SENSEX74,248.22SENSEX0.028%Nifty Bank48,493.05NIFTY_BANK0.90%Dow Jones Industrial Average38,904.04.DJI0.80%NIFTY Next 5062,696.10NIFTY_NEXT_500.86%NIFTY 50020,715.10NIFTY_5000.24%Nikkei 22538,992.08NI2251.96%Nifty VIX11.34INDIA_VIX1.05%Hang Seng Index16,723.92HSI0.0071%DAX PERFORMANCE-INDEX18,175.04DAX1.24%FTSE 100 Index7,911.16UKX0.81%",neutral
"closesearchCompare toBSE SENSEX74,248.22SENSEX0.028%Nifty Bank48,493.05NIFTY_BANK0.90%Dow Jones Industrial Average38,904.04.DJI0.80%NIFTY Next 5062,696.10NIFTY_NEXT_500.86%NIFTY 50020,715.10NIFTY_5000.24%Nikkei 22538,992.08NI2251.96%Nifty VIX11.34INDIA_VIX1.05%Hang Seng Index16,723.92HSI0.0071%DAX PERFORMANCE-INDEX18,175.04DAX1.24%FTSE 100 Index7,911.16UKX0.81%",neutral
"closesearchCompare toBSE SENSEX74,248.22SENSEX0.028%Nifty Bank48,493.05NIFTY_BANK0.90%Dow Jones Industrial Average38,904.04.DJI0.80%NIFTY Next 5062,696.10NIFTY_NEXT_500.86%NIFTY 50020,715.10NIFTY_5000.24%Nikkei 22538,992.08NI2251.96%Nifty VIX11.34INDIA_VIX1.05%Hang Seng Index16,723.92HSI0.0071%DAX PERFORMANCE-INDEX18,175.04DAX1.24%FTSE 100 Index7,911.16UKX0.81%",neutral
"closesearchCompare toBSE SENSEX74,248.22SENSEX0.028%Nifty Bank48,493.05NIFTY_BANK0.90%Dow Jones Industrial Average38,904.04.DJI0.80%NIFTY Next 5062,696.10NIFTY_NEXT_500.86%NIFTY 50020,715.10NIFTY_5000.24%Nikkei 22538,992.08NI2251.96%Nifty VIX11.34INDIA_VIX1.05%Hang Seng Index16,723.92HSI0.0071%DAX PERFORMANCE-INDEX18,175.04DAX1.24%FTSE 100 Index7,911.16UKX0.81%",neutral
,neutral
close,neutral
,neutral
,neutral
,neutral
,neutral
,neutral
,neutral
searchCompare to,neutral
searchCompare to,neutral
searchCompare to,neutral
,neutral
,neutral
,neutral
Compare to,neutral
"BSE SENSEX74,248.22SENSEX0.028%Nifty Bank48,493.05NIFTY_BANK0.90%Dow Jones Industrial Average38,904.04.DJI0.80%NIFTY Next 5062,696.10NIFTY_NEXT_500.86%NIFTY 50020,715.10NIFTY_5000.24%Nikkei 22538,992.08NI2251.96%Nifty VIX11.34INDIA_VIX1.05%Hang Seng Index16,723.92HSI0.0071%DAX PERFORMANCE-INDEX18,175.04DAX1.24%FTSE 100 Index7,911.16UKX0.81%",neutral
"BSE SENSEX74,248.22SENSEX0.028%Nifty Bank48,493.05NIFTY_BANK0.90%Dow Jones Industrial Average38,904.04.DJI0.80%NIFTY Next 5062,696.10NIFTY_NEXT_500.86%NIFTY 50020,715.10NIFTY_5000.24%Nikkei 22538,992.08NI2251.96%Nifty VIX11.34INDIA_VIX1.05%Hang Seng Index16,723.92HSI0.0071%DAX PERFORMANCE-INDEX18,175.04DAX1.24%FTSE 100 Index7,911.16UKX0.81%",neutral
"BSE SENSEX74,248.22SENSEX0.028%Nifty Bank48,493.05NIFTY_BANK0.90%Dow Jones Industrial Average38,904.04.DJI0.80%NIFTY Next 5062,696.10NIFTY_NEXT_500.86%NIFTY 50020,715.10NIFTY_5000.24%Nikkei 22538,992.08NI2251.96%Nifty VIX11.34INDIA_VIX1.05%Hang Seng Index16,723.92HSI0.0071%DAX PERFORMANCE-INDEX18,175.04DAX1.24%FTSE 100 Index7,911.16UKX0.81%",neutral
"BSE SENSEX74,248.22SENSEX0.028%Nifty Bank48,493.05NIFTY_BANK0.90%Dow Jones Industrial Average38,904.04.DJI0.80%NIFTY Next 5062,696.10NIFTY_NEXT_500.86%NIFTY 50020,715.10NIFTY_5000.24%Nikkei 22538,992.08NI2251.96%Nifty VIX11.34INDIA_VIX1.05%Hang Seng Index16,723.92HSI0.0071%DAX PERFORMANCE-INDEX18,175.04DAX1.24%FTSE 100 Index7,911.16UKX0.81%",neutral
"BSE SENSEX74,248.22SENSEX0.028%",neutral
"BSE SENSEX74,248.22SENSEX0.028%",neutral
"BSE SENSEX74,248.22SENSEX0.028%",neutral
BSE SENSEX,neutral
"74,248.22",neutral
"74,248.22",neutral
SENSEX0.028%,neutral
SENSEX,neutral
0.028%,neutral
,neutral
,neutral
"Nifty Bank48,493.05NIFTY_BANK0.90%",positive
"Nifty Bank48,493.05NIFTY_BANK0.90%",positive
"Nifty Bank48,493.05NIFTY_BANK0.90%",positive
Nifty Bank,positive
"48,493.05",neutral
"48,493.05",neutral
NIFTY_BANK0.90%,neutral
NIFTY_BANK,neutral
0.90%,neutral
,neutral
,neutral
"Dow Jones Industrial Average38,904.04.DJI0.80%",neutral
"Dow Jones Industrial Average38,904.04.DJI0.80%",neutral
"Dow Jones Industrial Average38,904.04.DJI0.80%",neutral
Dow Jones Industrial Average,neutral
"38,904.04",neutral
"38,904.04",neutral
.DJI0.80%,neutral
.DJI,neutral
0.80%,neutral
,neutral
,neutral
"NIFTY Next 5062,696.10NIFTY_NEXT_500.86%",positive
"NIFTY Next 5062,696.10NIFTY_NEXT_500.86%",positive
"NIFTY Next 5062,696.10NIFTY_NEXT_500.86%",positive
NIFTY Next 50,positive
"62,696.10",neutral
"62,696.10",neutral
NIFTY_NEXT_500.86%,neutral
NIFTY_NEXT_50,neutral
0.86%,neutral
,neutral
,neutral
"NIFTY 50020,715.10NIFTY_5000.24%",positive
"NIFTY 50020,715.10NIFTY_5000.24%",positive
"NIFTY 50020,715.10NIFTY_5000.24%",positive
NIFTY 500,positive
"20,715.10",neutral
"20,715.10",neutral
NIFTY_5000.24%,neutral
NIFTY_500,neutral
0.24%,neutral
,neutral
,neutral
"Nikkei 22538,992.08NI2251.96%",neutral
"Nikkei 22538,992.08NI2251.96%",neutral
"Nikkei 22538,992.08NI2251.96%",neutral
Nikkei 225,neutral
"38,992.08",neutral
"38,992.08",neutral
NI2251.96%,neutral
NI225,neutral
1.96%,neutral
,neutral
,neutral
Nifty VIX11.34INDIA_VIX1.05%,positive
Nifty VIX11.34INDIA_VIX1.05%,positive
Nifty VIX11.34INDIA_VIX1.05%,positive
Nifty VIX,positive
11.34,neutral
11.34,neutral
INDIA_VIX1.05%,neutral
INDIA_VIX,neutral
1.05%,neutral
,neutral
,neutral
"Hang Seng Index16,723.92HSI0.0071%",neutral
"Hang Seng Index16,723.92HSI0.0071%",neutral
"Hang Seng Index16,723.92HSI0.0071%",neutral
Hang Seng Index,neutral
"16,723.92",neutral
"16,723.92",neutral
HSI0.0071%,neutral
HSI,neutral
0.0071%,neutral
,neutral
,neutral
"DAX PERFORMANCE-INDEX18,175.04DAX1.24%",neutral
"DAX PERFORMANCE-INDEX18,175.04DAX1.24%",neutral
"DAX PERFORMANCE-INDEX18,175.04DAX1.24%",neutral
DAX PERFORMANCE-INDEX,neutral
"18,175.04",neutral
"18,175.04",neutral
DAX1.24%,neutral
DAX,neutral
1.24%,neutral
,neutral
,neutral
"FTSE 100 Index7,911.16UKX0.81%",neutral
"FTSE 100 Index7,911.16UKX0.81%",neutral
"FTSE 100 Index7,911.16UKX0.81%",neutral
FTSE 100 Index,neutral
"7,911.16",neutral
"7,911.16",neutral
UKX0.81%,neutral
UKX,neutral
0.81%,neutral
,neutral
,neutral
,neutral
,neutral
,neutral
,neutral
,neutral
,neutral
,neutral
,neutral
,neutral
,neutral
,neutral
,neutral
,neutral
,neutral
,neutral
,neutral
,neutral
"stacked_line_chartIndexA measure of the price performance of a collection of securities that are grouped to represent a certain market or sectorPrevious closeThe last closing price22,514.65Day rangeThe range between the high and low prices over the past day22,427.60 - 22,537.60Year rangeThe range between the high and low prices over the past 52 weeks17,553.95 - 22,619.00",neutral
stacked_line_chartIndexA measure of the price performance of a collection of securities that are grouped to represent a certain market or sector,positive
stacked_line_chartIndexA measure of the price performance of a collection of securities that are grouped to represent a certain market or sector,positive
stacked_line_chartIndexA measure of the price performance of a collection of securities that are grouped to represent a certain market or sector,positive
stacked_line_chartIndex,neutral
Index,neutral
A measure of the price performance of a collection of securities that are grouped to represent a certain market or sector,positive
"Previous closeThe last closing price22,514.65",neutral
Previous closeThe last closing price,neutral
Previous close,neutral
The last closing price,neutral
"22,514.65",neutral
"Day rangeThe range between the high and low prices over the past day22,427.60 - 22,537.60",negative
Day rangeThe range between the high and low prices over the past day,negative
Day range,neutral
The range between the high and low prices over the past day,negative
"22,427.60 - 22,537.60",neutral
"Year rangeThe range between the high and low prices over the past 52 weeks17,553.95 - 22,619.00",negative
Year rangeThe range between the high and low prices over the past 52 weeks,negative
Year range,neutral
The range between the high and low prices over the past 52 weeks,negative
"17,553.95 - 22,619.00",neutral
"News about MarketsmintStock market today: Sensex, Nifty 50 end flat after RBI policy decision; 
geopolitical tensions, crude oil prices weigh | Mint22 hours agoMoneycontrolClosing Bell: Sensex, Nifty end flat amid volatility; IT drags, realty, 
banks shine21 hours agoThe Economic TimesTech View: Nifty 50 in consolidation mode; what’s the trade set-up for next 
week?21 hours agoBy the numbersUpstoxSENSEX, NIFTY50 end flat, Banking and Realty stock shine after RBI keeps 
policy rate unchanged19 hours agomintTop Gainers and Losers today on 4 April, 2024: HDFC Bank, Eicher Motors, 
Oil & Natural Gas Corporation, Shriram Finance among most active stocks; 
Check full list here | Mint1 day agoMoneycontrol Hindiबीते 20 सालों में जानिए कब-कब गोल्ड ने निफ्टी 50 से दिया है ज्यादा रिटर्न22 hours agoThe Economic Times1 day agoTech View: Nifty chart shows bearish reversal; what traders should do on 
Fridayafaqs!1 day agoBeyond NIFTY 50, Invest in NIFTY 500 IndexMoneycontrol1 day agoClosing Bell: Nifty above 22,500, Sensex gains 351 pts; IT gains, oil & gas 
dragInvesting.com India2 days agoIndia's Nifty 50, Sensex hit record highs as small caps gain; RBI awaited",positive
"News about MarketsmintStock market today: Sensex, Nifty 50 end flat after RBI policy decision; 
geopolitical tensions, crude oil prices weigh | Mint22 hours agoMoneycontrolClosing Bell: Sensex, Nifty end flat amid volatility; IT drags, realty, 
banks shine21 hours agoThe Economic TimesTech View: Nifty 50 in consolidation mode; what’s the trade set-up for next 
week?21 hours ago",neutral
News about Markets,neutral
"mintStock market today: Sensex, Nifty 50 end flat after RBI policy decision; 
geopolitical tensions, crude oil prices weigh | Mint22 hours agoMoneycontrolClosing Bell: Sensex, Nifty end flat amid volatility; IT drags, realty, 
banks shine21 hours agoThe Economic TimesTech View: Nifty 50 in consolidation mode; what’s the trade set-up for next 
week?21 hours ago",neutral
"mintStock market today: Sensex, Nifty 50 end flat after RBI policy decision; 
geopolitical tensions, crude oil prices weigh | Mint22 hours agoMoneycontrolClosing Bell: Sensex, Nifty end flat amid volatility; IT drags, realty, 
banks shine21 hours agoThe Economic TimesTech View: Nifty 50 in consolidation mode; what’s the trade set-up for next 
week?21 hours ago",neutral
"mintStock market today: Sensex, Nifty 50 end flat after RBI policy decision; 
geopolitical tensions, crude oil prices weigh | Mint22 hours agoMoneycontrolClosing Bell: Sensex, Nifty end flat amid volatility; IT drags, realty, 
banks shine21 hours agoThe Economic TimesTech View: Nifty 50 in consolidation mode; what’s the trade set-up for next 
week?21 hours ago",neutral
"mintStock market today: Sensex, Nifty 50 end flat after RBI policy decision; 
geopolitical tensions, crude oil prices weigh | Mint22 hours ago",negative
,neutral
mint,neutral
mint,neutral
,neutral
"Stock market today: Sensex, Nifty 50 end flat after RBI policy decision; 
geopolitical tensions, crude oil prices weigh | Mint",negative
22 hours ago,neutral
"MoneycontrolClosing Bell: Sensex, Nifty end flat amid volatility; IT drags, realty, 
banks shine21 hours ago",positive
,neutral
Moneycontrol,neutral
Moneycontrol,neutral
,neutral
"Closing Bell: Sensex, Nifty end flat amid volatility; IT drags, realty, 
banks shine",positive
21 hours ago,neutral
"The Economic TimesTech View: Nifty 50 in consolidation mode; what’s the trade set-up for next 
week?21 hours ago",positive
,neutral
The Economic Times,neutral
The Economic Times,neutral
,neutral
"Tech View: Nifty 50 in consolidation mode; what’s the trade set-up for next 
week?",positive
21 hours ago,neutral
,neutral
,neutral
,neutral
,neutral
,neutral
,neutral
,neutral
,neutral
,neutral
,neutral
,neutral
,neutral
,neutral
,neutral
,neutral
,neutral
"By the numbersUpstoxSENSEX, NIFTY50 end flat, Banking and Realty stock shine after RBI keeps 
policy rate unchanged19 hours agomintTop Gainers and Losers today on 4 April, 2024: HDFC Bank, Eicher Motors, 
Oil & Natural Gas Corporation, Shriram Finance among most active stocks; 
Check full list here | Mint1 day agoMoneycontrol Hindiबीते 20 सालों में जानिए कब-कब गोल्ड ने निफ्टी 50 से दिया है ज्यादा रिटर्न22 hours ago",positive
By the numbers,neutral
"UpstoxSENSEX, NIFTY50 end flat, Banking and Realty stock shine after RBI keeps 
policy rate unchanged19 hours agomintTop Gainers and Losers today on 4 April, 2024: HDFC Bank, Eicher Motors, 
Oil & Natural Gas Corporation, Shriram Finance among most active stocks; 
Check full list here | Mint1 day agoMoneycontrol Hindiबीते 20 सालों में जानिए कब-कब गोल्ड ने निफ्टी 50 से दिया है ज्यादा रिटर्न22 hours ago",positive
"UpstoxSENSEX, NIFTY50 end flat, Banking and Realty stock shine after RBI keeps 
policy rate unchanged19 hours agomintTop Gainers and Losers today on 4 April, 2024: HDFC Bank, Eicher Motors, 
Oil & Natural Gas Corporation, Shriram Finance among most active stocks; 
Check full list here | Mint1 day agoMoneycontrol Hindiबीते 20 सालों में जानिए कब-कब गोल्ड ने निफ्टी 50 से दिया है ज्यादा रिटर्न22 hours ago",positive
"UpstoxSENSEX, NIFTY50 end flat, Banking and Realty stock shine after RBI keeps 
policy rate unchanged19 hours agomintTop Gainers and Losers today on 4 April, 2024: HDFC Bank, Eicher Motors, 
Oil & Natural Gas Corporation, Shriram Finance among most active stocks; 
Check full list here | Mint1 day agoMoneycontrol Hindiबीते 20 सालों में जानिए कब-कब गोल्ड ने निफ्टी 50 से दिया है ज्यादा रिटर्न22 hours ago",positive
"UpstoxSENSEX, NIFTY50 end flat, Banking and Realty stock shine after RBI keeps 
policy rate unchanged19 hours ago",neutral
Upstox,neutral
Upstox,neutral
,neutral
"SENSEX, NIFTY50 end flat, Banking and Realty stock shine after RBI keeps 
policy rate unchanged",neutral
19 hours ago,neutral
"mintTop Gainers and Losers today on 4 April, 2024: HDFC Bank, Eicher Motors, 
Oil & Natural Gas Corporation, Shriram Finance among most active stocks; 
Check full list here | Mint1 day ago",positive
mint,neutral
mint,neutral
,neutral
"Top Gainers and Losers today on 4 April, 2024: HDFC Bank, Eicher Motors, 
Oil & Natural Gas Corporation, Shriram Finance among most active stocks; 
Check full list here | Mint",positive
1 day ago,neutral
Moneycontrol Hindiबीते 20 सालों में जानिए कब-कब गोल्ड ने निफ्टी 50 से दिया है ज्यादा रिटर्न22 hours ago,neutral
Moneycontrol Hindi,neutral
Moneycontrol Hindi,neutral
,neutral
बीते 20 सालों में जानिए कब-कब गोल्ड ने निफ्टी 50 से दिया है ज्यादा रिटर्न,neutral
22 hours ago,neutral
,neutral
,neutral
,neutral
,neutral
,neutral
,neutral
,neutral
,neutral
,neutral
,neutral
,neutral
,neutral
,neutral
,neutral
,neutral
,neutral
"The Economic Times1 day agoTech View: Nifty chart shows bearish reversal; what traders should do on 
Friday",positive
"The Economic Times1 day agoTech View: Nifty chart shows bearish reversal; what traders should do on 
Friday",positive
"The Economic Times1 day agoTech View: Nifty chart shows bearish reversal; what traders should do on 
Friday",positive
"The Economic Times1 day agoTech View: Nifty chart shows bearish reversal; what traders should do on 
Friday",positive
The Economic Times1 day ago,neutral
The Economic Times,neutral
1 day ago,neutral
1 day ago,neutral
,neutral
"Tech View: Nifty chart shows bearish reversal; what traders should do on 
Friday",positive
,neutral
"afaqs!1 day agoBeyond NIFTY 50, Invest in NIFTY 500 Index",positive
"afaqs!1 day agoBeyond NIFTY 50, Invest in NIFTY 500 Index",positive
"afaqs!1 day agoBeyond NIFTY 50, Invest in NIFTY 500 Index",positive
"afaqs!1 day agoBeyond NIFTY 50, Invest in NIFTY 500 Index",positive
afaqs!1 day ago,neutral
afaqs!,neutral
1 day ago,neutral
1 day ago,neutral
,neutral
"Beyond NIFTY 50, Invest in NIFTY 500 Index",positive
,neutral
"Moneycontrol1 day agoClosing Bell: Nifty above 22,500, Sensex gains 351 pts; IT gains, oil & gas 
drag",positive
"Moneycontrol1 day agoClosing Bell: Nifty above 22,500, Sensex gains 351 pts; IT gains, oil & gas 
drag",positive
"Moneycontrol1 day agoClosing Bell: Nifty above 22,500, Sensex gains 351 pts; IT gains, oil & gas 
drag",positive
"Moneycontrol1 day agoClosing Bell: Nifty above 22,500, Sensex gains 351 pts; IT gains, oil & gas 
drag",positive
Moneycontrol1 day ago,neutral
Moneycontrol,neutral
1 day ago,neutral
1 day ago,neutral
,neutral
"Closing Bell: Nifty above 22,500, Sensex gains 351 pts; IT gains, oil & gas 
drag",positive
,neutral
"Investing.com India2 days agoIndia's Nifty 50, Sensex hit record highs as small caps gain; RBI awaited",positive
"Investing.com India2 days agoIndia's Nifty 50, Sensex hit record highs as small caps gain; RBI awaited",positive
"Investing.com India2 days agoIndia's Nifty 50, Sensex hit record highs as small caps gain; RBI awaited",positive
"Investing.com India2 days agoIndia's Nifty 50, Sensex hit record highs as small caps gain; RBI awaited",positive
Investing.com India2 days ago,neutral
Investing.com India,neutral
2 days ago,neutral
2 days ago,neutral
,neutral
"India's Nifty 50, Sensex hit record highs as small caps gain; RBI awaited",positive
,neutral
"AboutThe NIFTY 50 is a benchmark Indian stock market index that represents the weighted average of 50 of the largest Indian companies listed on the National Stock Exchange.
Nifty 50 is owned and managed by NSE Indices, which is a wholly owned subsidiary of the NSE Strategic Investment Corporation Limited. NSE Indices had a marketing and licensing agreement with Standard & Poor's for co-branding equity indices until 2013. The Nifty 50 index was launched on 22 April 1996, and is one of the many stock indices of Nifty.
The NIFTY 50 index has shaped up to be the largest single financial product in India, with an ecosystem consisting of exchange-traded funds, and futures and options at NSE and SGX. NIFTY 50 is the world's most actively traded contract. WFE, IOM and FIA surveys endorse NSE's leadership position. Between 2008 and 2012, the NIFTY 50 index's share of NSE market fell from 65% to 29% due to the rise of sectoral indices like NIFTY Bank, NIFTY IT, NIFTY Pharma, and NIFTY Next 50.
The NIFTY 50 index covers 13 sectors of the Indian economy and offers investment managers exposure to the Indian market in one portfolio.Wikipedia",positive
"AboutThe NIFTY 50 is a benchmark Indian stock market index that represents the weighted average of 50 of the largest Indian companies listed on the National Stock Exchange.
Nifty 50 is owned and managed by NSE Indices, which is a wholly owned subsidiary of the NSE Strategic Investment Corporation Limited. NSE Indices had a marketing and licensing agreement with Standard & Poor's for co-branding equity indices until 2013. The Nifty 50 index was launched on 22 April 1996, and is one of the many stock indices of Nifty.
The NIFTY 50 index has shaped up to be the largest single financial product in India, with an ecosystem consisting of exchange-traded funds, and futures and options at NSE and SGX. NIFTY 50 is the world's most actively traded contract. WFE, IOM and FIA surveys endorse NSE's leadership position. Between 2008 and 2012, the NIFTY 50 index's share of NSE market fell from 65% to 29% due to the rise of sectoral indices like NIFTY Bank, NIFTY IT, NIFTY Pharma, and NIFTY Next 50.
The NIFTY 50 index covers 13 sectors of the Indian economy and offers investment managers exposure to the Indian market in one portfolio.Wikipedia",positive
About,neutral
About,neutral
,neutral
,neutral
,neutral
"The NIFTY 50 is a benchmark Indian stock market index that represents the weighted average of 50 of the largest Indian companies listed on the National Stock Exchange.
Nifty 50 is owned and managed by NSE Indices, which is a wholly owned subsidiary of the NSE Strategic Investment Corporation Limited. NSE Indices had a marketing and licensing agreement with Standard & Poor's for co-branding equity indices until 2013. The Nifty 50 index was launched on 22 April 1996, and is one of the many stock indices of Nifty.
The NIFTY 50 index has shaped up to be the largest single financial product in India, with an ecosystem consisting of exchange-traded funds, and futures and options at NSE and SGX. NIFTY 50 is the world's most actively traded contract. WFE, IOM and FIA surveys endorse NSE's leadership position. Between 2008 and 2012, the NIFTY 50 index's share of NSE market fell from 65% to 29% due to the rise of sectoral indices like NIFTY Bank, NIFTY IT, NIFTY Pharma, and NIFTY Next 50.
The NIFTY 50 index covers 13 sectors of the Indian economy and offers investment managers exposure to the Indian market in one portfolio.Wikipedia",positive
"The NIFTY 50 is a benchmark Indian stock market index that represents the weighted average of 50 of the largest Indian companies listed on the National Stock Exchange.
Nifty 50 is owned and managed by NSE Indices, which is a wholly owned subsidiary of the NSE Strategic Investment Corporation Limited. NSE Indices had a marketing and licensing agreement with Standard & Poor's for co-branding equity indices until 2013. The Nifty 50 index was launched on 22 April 1996, and is one of the many stock indices of Nifty.
The NIFTY 50 index has shaped up to be the largest single financial product in India, with an ecosystem consisting of exchange-traded funds, and futures and options at NSE and SGX. NIFTY 50 is the world's most actively traded contract. WFE, IOM and FIA surveys endorse NSE's leadership position. Between 2008 and 2012, the NIFTY 50 index's share of NSE market fell from 65% to 29% due to the rise of sectoral indices like NIFTY Bank, NIFTY IT, NIFTY Pharma, and NIFTY Next 50.
The NIFTY 50 index covers 13 sectors of the Indian economy and offers investment managers exposure to the Indian market in one portfolio.Wikipedia",positive
"Discover moreYou may be interested ininfoThis list is generated from recent searches, followed securities, and other activity.Learn moreAll data and information is provided “as is” for personal informational purposes only, and is not intended to be financial advice nor is it for trading purposes or investment, tax, legal, accounting or other advice. Google is not an investment adviser nor is it a financial adviser and expresses no view, recommendation or opinion with respect to any of the companies included in this list or any securities issued by those companies. Please consult your broker or financial representative to verify pricing before executing any trades.Learn moreIndexNIFTY 5022,513.700.0042%add_circle_outlineIndexBSE SENSEX74,248.220.028%add_circle_outlineIndexDow Jones Industrial Average38,904.040.80%add_circle_outlineRELIANCEReliance Industries Ltd₹2,925.950.0034%add_circle_outlineBSEBSE Ltd₹2,870.000.70%add_circle_outlineIndexS&P 5005,204.341.11%add_circle_outlineSBINState Bank of India₹765.900.87%add_circle_outlineYESBANKYes Bank Ltd₹25.201.20%add_circle_outlineM&MMahindra And Mahindra Ltd₹2,011.900.46%add_circle_outlineIDEAVodafone Idea Ltd₹13.350.00%add_circle_outlineITCITC Ltd₹427.501.12%add_circle_outlineNSNuStar Energy L.P.$22.840.52%add_circle_outlineIndexNIFTY 50020,715.100.24%add_circle_outlineINDUSINDBKIndusind Bank Ltd₹1,552.350.51%add_circle_outlineFRETAILFuture Retail Ltd₹2.554.08%add_circle_outlineIndexVIX16.031.96%add_circle_outlineUPLUPL Ltd₹494.000.21%add_circle_outlineBHARTIARTLBharti Airtel Ltd₹1,190.001.40%add_circle_outlinePeople also search forIndexBSE SENSEX74,248.220.028%add_circle_outlineIndexNifty Bank48,493.050.90%add_circle_outlineIndexDow Jones Industrial Average38,904.040.80%add_circle_outlineIndexNIFTY Next 5062,696.100.86%add_circle_outlineIndexNIFTY 50020,715.100.24%add_circle_outlineIndexNikkei 22538,992.081.96%add_circle_outlineIndexNifty VIX11.341.05%add_circle_outlineIndexHang Seng Index16,723.920.0071%add_circle_outlineIndexDAX PERFORMANCE-INDEX18,175.041.24%add_circle_outlineIndexFTSE 100 Index7,911.160.81%add_circle_outlineIndexNifty Financial Services21,556.650.86%add_circle_outlineIndexS&P 5005,204.341.11%add_circle_outlineIndexRussell 2000 Index2,063.470.47%add_circle_outlineIndexS&P BSE Midcap40,830.540.50%add_circle_outlineIndexVIX16.031.96%add_circle_outlineIndexKOSPI2,714.211.01%add_circle_outlineIndexNasdaq-10018,108.461.28%add_circle_outlineIndexCAC 408,061.311.11%add_circle_outlineHelpSend feedbackPrivacyTermsDisclaimer",positive
"Discover moreYou may be interested ininfoThis list is generated from recent searches, followed securities, and other activity.Learn moreAll data and information is provided “as is” for personal informational purposes only, and is not intended to be financial advice nor is it for trading purposes or investment, tax, legal, accounting or other advice. Google is not an investment adviser nor is it a financial adviser and expresses no view, recommendation or opinion with respect to any of the companies included in this list or any securities issued by those companies. Please consult your broker or financial representative to verify pricing before executing any trades.Learn moreIndexNIFTY 5022,513.700.0042%add_circle_outlineIndexBSE SENSEX74,248.220.028%add_circle_outlineIndexDow Jones Industrial Average38,904.040.80%add_circle_outlineRELIANCEReliance Industries Ltd₹2,925.950.0034%add_circle_outlineBSEBSE Ltd₹2,870.000.70%add_circle_outlineIndexS&P 5005,204.341.11%add_circle_outlineSBINState Bank of India₹765.900.87%add_circle_outlineYESBANKYes Bank Ltd₹25.201.20%add_circle_outlineM&MMahindra And Mahindra Ltd₹2,011.900.46%add_circle_outlineIDEAVodafone Idea Ltd₹13.350.00%add_circle_outlineITCITC Ltd₹427.501.12%add_circle_outlineNSNuStar Energy L.P.$22.840.52%add_circle_outlineIndexNIFTY 50020,715.100.24%add_circle_outlineINDUSINDBKIndusind Bank Ltd₹1,552.350.51%add_circle_outlineFRETAILFuture Retail Ltd₹2.554.08%add_circle_outlineIndexVIX16.031.96%add_circle_outlineUPLUPL Ltd₹494.000.21%add_circle_outlineBHARTIARTLBharti Airtel Ltd₹1,190.001.40%add_circle_outlinePeople also search forIndexBSE SENSEX74,248.220.028%add_circle_outlineIndexNifty Bank48,493.050.90%add_circle_outlineIndexDow Jones Industrial Average38,904.040.80%add_circle_outlineIndexNIFTY Next 5062,696.100.86%add_circle_outlineIndexNIFTY 50020,715.100.24%add_circle_outlineIndexNikkei 22538,992.081.96%add_circle_outlineIndexNifty VIX11.341.05%add_circle_outlineIndexHang Seng Index16,723.920.0071%add_circle_outlineIndexDAX PERFORMANCE-INDEX18,175.041.24%add_circle_outlineIndexFTSE 100 Index7,911.160.81%add_circle_outlineIndexNifty Financial Services21,556.650.86%add_circle_outlineIndexS&P 5005,204.341.11%add_circle_outlineIndexRussell 2000 Index2,063.470.47%add_circle_outlineIndexS&P BSE Midcap40,830.540.50%add_circle_outlineIndexVIX16.031.96%add_circle_outlineIndexKOSPI2,714.211.01%add_circle_outlineIndexNasdaq-10018,108.461.28%add_circle_outlineIndexCAC 408,061.311.11%add_circle_outlineHelpSend feedbackPrivacyTermsDisclaimer",positive
Discover more,neutral
"You may be interested ininfoThis list is generated from recent searches, followed securities, and other activity.Learn moreAll data and information is provided “as is” for personal informational purposes only, and is not intended to be financial advice nor is it for trading purposes or investment, tax, legal, accounting or other advice. Google is not an investment adviser nor is it a financial adviser and expresses no view, recommendation or opinion with respect to any of the companies included in this list or any securities issued by those companies. Please consult your broker or financial representative to verify pricing before executing any trades.Learn moreIndexNIFTY 5022,513.700.0042%add_circle_outlineIndexBSE SENSEX74,248.220.028%add_circle_outlineIndexDow Jones Industrial Average38,904.040.80%add_circle_outlineRELIANCEReliance Industries Ltd₹2,925.950.0034%add_circle_outlineBSEBSE Ltd₹2,870.000.70%add_circle_outlineIndexS&P 5005,204.341.11%add_circle_outlineSBINState Bank of India₹765.900.87%add_circle_outlineYESBANKYes Bank Ltd₹25.201.20%add_circle_outlineM&MMahindra And Mahindra Ltd₹2,011.900.46%add_circle_outlineIDEAVodafone Idea Ltd₹13.350.00%add_circle_outlineITCITC Ltd₹427.501.12%add_circle_outlineNSNuStar Energy L.P.$22.840.52%add_circle_outlineIndexNIFTY 50020,715.100.24%add_circle_outlineINDUSINDBKIndusind Bank Ltd₹1,552.350.51%add_circle_outlineFRETAILFuture Retail Ltd₹2.554.08%add_circle_outlineIndexVIX16.031.96%add_circle_outlineUPLUPL Ltd₹494.000.21%add_circle_outlineBHARTIARTLBharti Airtel Ltd₹1,190.001.40%add_circle_outline",positive
"You may be interested ininfoThis list is generated from recent searches, followed securities, and other activity.Learn moreAll data and information is provided “as is” for personal informational purposes only, and is not intended to be financial advice nor is it for trading purposes or investment, tax, legal, accounting or other advice. Google is not an investment adviser nor is it a financial adviser and expresses no view, recommendation or opinion with respect to any of the companies included in this list or any securities issued by those companies. Please consult your broker or financial representative to verify pricing before executing any trades.Learn more",positive
"infoThis list is generated from recent searches, followed securities, and other activity.Learn moreAll data and information is provided “as is” for personal informational purposes only, and is not intended to be financial advice nor is it for trading purposes or investment, tax, legal, accounting or other advice. Google is not an investment adviser nor is it a financial adviser and expresses no view, recommendation or opinion with respect to any of the companies included in this list or any securities issued by those companies. Please consult your broker or financial representative to verify pricing before executing any trades.Learn more",positive
"infoThis list is generated from recent searches, followed securities, and other activity.Learn moreAll data and information is provided “as is” for personal informational purposes only, and is not intended to be financial advice nor is it for trading purposes or investment, tax, legal, accounting or other advice. Google is not an investment adviser nor is it a financial adviser and expresses no view, recommendation or opinion with respect to any of the companies included in this list or any securities issued by those companies. Please consult your broker or financial representative to verify pricing before executing any trades.Learn more",positive
"This list is generated from recent searches, followed securities, and other activity.Learn moreAll data and information is provided “as is” for personal informational purposes only, and is not intended to be financial advice nor is it for trading purposes or investment, tax, legal, accounting or other advice. Google is not an investment adviser nor is it a financial adviser and expresses no view, recommendation or opinion with respect to any of the companies included in this list or any securities issued by those companies. Please consult your broker or financial representative to verify pricing before executing any trades.Learn more",positive
"IndexNIFTY 5022,513.700.0042%add_circle_outlineIndexBSE SENSEX74,248.220.028%add_circle_outlineIndexDow Jones Industrial Average38,904.040.80%add_circle_outlineRELIANCEReliance Industries Ltd₹2,925.950.0034%add_circle_outlineBSEBSE Ltd₹2,870.000.70%add_circle_outlineIndexS&P 5005,204.341.11%add_circle_outlineSBINState Bank of India₹765.900.87%add_circle_outlineYESBANKYes Bank Ltd₹25.201.20%add_circle_outlineM&MMahindra And Mahindra Ltd₹2,011.900.46%add_circle_outlineIDEAVodafone Idea Ltd₹13.350.00%add_circle_outlineITCITC Ltd₹427.501.12%add_circle_outlineNSNuStar Energy L.P.$22.840.52%add_circle_outlineIndexNIFTY 50020,715.100.24%add_circle_outlineINDUSINDBKIndusind Bank Ltd₹1,552.350.51%add_circle_outlineFRETAILFuture Retail Ltd₹2.554.08%add_circle_outlineIndexVIX16.031.96%add_circle_outlineUPLUPL Ltd₹494.000.21%add_circle_outlineBHARTIARTLBharti Airtel Ltd₹1,190.001.40%add_circle_outline",positive
"IndexNIFTY 5022,513.700.0042%add_circle_outlineIndexBSE SENSEX74,248.220.028%add_circle_outlineIndexDow Jones Industrial Average38,904.040.80%add_circle_outlineRELIANCEReliance Industries Ltd₹2,925.950.0034%add_circle_outlineBSEBSE Ltd₹2,870.000.70%add_circle_outlineIndexS&P 5005,204.341.11%add_circle_outlineSBINState Bank of India₹765.900.87%add_circle_outlineYESBANKYes Bank Ltd₹25.201.20%add_circle_outlineM&MMahindra And Mahindra Ltd₹2,011.900.46%add_circle_outlineIDEAVodafone Idea Ltd₹13.350.00%add_circle_outlineITCITC Ltd₹427.501.12%add_circle_outlineNSNuStar Energy L.P.$22.840.52%add_circle_outlineIndexNIFTY 50020,715.100.24%add_circle_outlineINDUSINDBKIndusind Bank Ltd₹1,552.350.51%add_circle_outlineFRETAILFuture Retail Ltd₹2.554.08%add_circle_outlineIndexVIX16.031.96%add_circle_outlineUPLUPL Ltd₹494.000.21%add_circle_outlineBHARTIARTLBharti Airtel Ltd₹1,190.001.40%add_circle_outline",positive
"IndexNIFTY 5022,513.700.0042%add_circle_outlineIndexBSE SENSEX74,248.220.028%add_circle_outlineIndexDow Jones Industrial Average38,904.040.80%add_circle_outlineRELIANCEReliance Industries Ltd₹2,925.950.0034%add_circle_outlineBSEBSE Ltd₹2,870.000.70%add_circle_outlineIndexS&P 5005,204.341.11%add_circle_outlineSBINState Bank of India₹765.900.87%add_circle_outlineYESBANKYes Bank Ltd₹25.201.20%add_circle_outlineM&MMahindra And Mahindra Ltd₹2,011.900.46%add_circle_outlineIDEAVodafone Idea Ltd₹13.350.00%add_circle_outlineITCITC Ltd₹427.501.12%add_circle_outlineNSNuStar Energy L.P.$22.840.52%add_circle_outlineIndexNIFTY 50020,715.100.24%add_circle_outlineINDUSINDBKIndusind Bank Ltd₹1,552.350.51%add_circle_outlineFRETAILFuture Retail Ltd₹2.554.08%add_circle_outlineIndexVIX16.031.96%add_circle_outlineUPLUPL Ltd₹494.000.21%add_circle_outlineBHARTIARTLBharti Airtel Ltd₹1,190.001.40%add_circle_outline",positive
"IndexNIFTY 5022,513.700.0042%add_circle_outlineIndexBSE SENSEX74,248.220.028%add_circle_outlineIndexDow Jones Industrial Average38,904.040.80%add_circle_outlineRELIANCEReliance Industries Ltd₹2,925.950.0034%add_circle_outlineBSEBSE Ltd₹2,870.000.70%add_circle_outlineIndexS&P 5005,204.341.11%add_circle_outlineSBINState Bank of India₹765.900.87%add_circle_outlineYESBANKYes Bank Ltd₹25.201.20%add_circle_outlineM&MMahindra And Mahindra Ltd₹2,011.900.46%add_circle_outlineIDEAVodafone Idea Ltd₹13.350.00%add_circle_outlineITCITC Ltd₹427.501.12%add_circle_outlineNSNuStar Energy L.P.$22.840.52%add_circle_outlineIndexNIFTY 50020,715.100.24%add_circle_outlineINDUSINDBKIndusind Bank Ltd₹1,552.350.51%add_circle_outlineFRETAILFuture Retail Ltd₹2.554.08%add_circle_outlineIndexVIX16.031.96%add_circle_outlineUPLUPL Ltd₹494.000.21%add_circle_outlineBHARTIARTLBharti Airtel Ltd₹1,190.001.40%add_circle_outline",positive
"IndexNIFTY 5022,513.700.0042%add_circle_outline",neutral
"IndexNIFTY 5022,513.700.0042%add_circle_outline",neutral
"IndexNIFTY 5022,513.700.0042%",neutral
Index,neutral
Index,neutral
NIFTY 50,positive
"22,513.700.0042%",neutral
"22,513.70",neutral
"22,513.70",neutral
"22,513.70",neutral
"22,513.70",neutral
0.0042%,neutral
0.0042%,neutral
0.0042%,neutral
,neutral
,neutral
add_circle_outline,neutral
add_circle_outline,neutral
add_circle_outline,neutral
,neutral
add_circle_outline,neutral
add_circle_outline,neutral
"IndexBSE SENSEX74,248.220.028%add_circle_outline",neutral
"IndexBSE SENSEX74,248.220.028%add_circle_outline",neutral
"IndexBSE SENSEX74,248.220.028%",neutral
Index,neutral
Index,neutral
BSE SENSEX,neutral
"74,248.220.028%",neutral
"74,248.22",neutral
"74,248.22",neutral
"74,248.22",neutral
"74,248.22",neutral
0.028%,neutral
0.028%,neutral
0.028%,neutral
,neutral
,neutral
add_circle_outline,neutral
add_circle_outline,neutral
add_circle_outline,neutral
,neutral
add_circle_outline,neutral
add_circle_outline,neutral
"IndexDow Jones Industrial Average38,904.040.80%add_circle_outline",neutral
"IndexDow Jones Industrial Average38,904.040.80%add_circle_outline",neutral
"IndexDow Jones Industrial Average38,904.040.80%",neutral
Index,neutral
Index,neutral
Dow Jones Industrial Average,neutral
"38,904.040.80%",neutral
"38,904.04",neutral
"38,904.04",neutral
"38,904.04",neutral
"38,904.04",neutral
0.80%,neutral
0.80%,neutral
0.80%,neutral
,neutral
,neutral
add_circle_outline,neutral
add_circle_outline,neutral
add_circle_outline,neutral
,neutral
add_circle_outline,neutral
add_circle_outline,neutral
"RELIANCEReliance Industries Ltd₹2,925.950.0034%add_circle_outline",neutral
"RELIANCEReliance Industries Ltd₹2,925.950.0034%add_circle_outline",neutral
"RELIANCEReliance Industries Ltd₹2,925.950.0034%",neutral
RELIANCE,neutral
RELIANCE,neutral
Reliance Industries Ltd,neutral
"₹2,925.950.0034%",neutral
"₹2,925.95",neutral
"₹2,925.95",neutral
"₹2,925.95",neutral
"₹2,925.95",neutral
0.0034%,neutral
0.0034%,neutral
0.0034%,neutral
,neutral
,neutral
add_circle_outline,neutral
add_circle_outline,neutral
add_circle_outline,neutral
,neutral
add_circle_outline,neutral
add_circle_outline,neutral
"BSEBSE Ltd₹2,870.000.70%add_circle_outline",neutral
"BSEBSE Ltd₹2,870.000.70%add_circle_outline",neutral
"BSEBSE Ltd₹2,870.000.70%",neutral
BSE,neutral
BSE,neutral
BSE Ltd,neutral
"₹2,870.000.70%",neutral
"₹2,870.00",neutral
"₹2,870.00",neutral
"₹2,870.00",neutral
"₹2,870.00",neutral
0.70%,neutral
0.70%,neutral
0.70%,neutral
,neutral
,neutral
add_circle_outline,neutral
add_circle_outline,neutral
add_circle_outline,neutral
,neutral
add_circle_outline,neutral
add_circle_outline,neutral
"IndexS&P 5005,204.341.11%add_circle_outline",neutral
"IndexS&P 5005,204.341.11%add_circle_outline",neutral
"IndexS&P 5005,204.341.11%",neutral
Index,neutral
Index,neutral
S&P 500,neutral
"5,204.341.11%",neutral
"5,204.34",neutral
"5,204.34",neutral
"5,204.34",neutral
"5,204.34",neutral
1.11%,neutral
1.11%,neutral
1.11%,neutral
,neutral
,neutral
add_circle_outline,neutral
add_circle_outline,neutral
add_circle_outline,neutral
,neutral
add_circle_outline,neutral
add_circle_outline,neutral
SBINState Bank of India₹765.900.87%add_circle_outline,neutral
SBINState Bank of India₹765.900.87%add_circle_outline,neutral
SBINState Bank of India₹765.900.87%,neutral
SBIN,neutral
SBIN,neutral
State Bank of India,neutral
₹765.900.87%,neutral
₹765.90,neutral
₹765.90,neutral
₹765.90,neutral
₹765.90,neutral
0.87%,neutral
0.87%,neutral
0.87%,neutral
,neutral
,neutral
add_circle_outline,neutral
add_circle_outline,neutral
add_circle_outline,neutral
,neutral
add_circle_outline,neutral
add_circle_outline,neutral
YESBANKYes Bank Ltd₹25.201.20%add_circle_outline,neutral
YESBANKYes Bank Ltd₹25.201.20%add_circle_outline,neutral
YESBANKYes Bank Ltd₹25.201.20%,neutral
YESBANK,neutral
YESBANK,neutral
Yes Bank Ltd,positive
₹25.201.20%,neutral
₹25.20,neutral
₹25.20,neutral
₹25.20,neutral
₹25.20,neutral
1.20%,neutral
1.20%,neutral
1.20%,neutral
,neutral
,neutral
add_circle_outline,neutral
add_circle_outline,neutral
add_circle_outline,neutral
,neutral
add_circle_outline,neutral
add_circle_outline,neutral
"M&MMahindra And Mahindra Ltd₹2,011.900.46%add_circle_outline",neutral
"M&MMahindra And Mahindra Ltd₹2,011.900.46%add_circle_outline",neutral
"M&MMahindra And Mahindra Ltd₹2,011.900.46%",neutral
M&M,neutral
M&M,neutral
Mahindra And Mahindra Ltd,neutral
"₹2,011.900.46%",neutral
"₹2,011.90",neutral
"₹2,011.90",neutral
"₹2,011.90",neutral
"₹2,011.90",neutral
0.46%,neutral
0.46%,neutral
0.46%,neutral
,neutral
,neutral
add_circle_outline,neutral
add_circle_outline,neutral
add_circle_outline,neutral
,neutral
add_circle_outline,neutral
add_circle_outline,neutral
IDEAVodafone Idea Ltd₹13.350.00%add_circle_outline,neutral
IDEAVodafone Idea Ltd₹13.350.00%add_circle_outline,neutral
IDEAVodafone Idea Ltd₹13.350.00%,neutral
IDEA,neutral
IDEA,neutral
Vodafone Idea Ltd,neutral
₹13.350.00%,neutral
₹13.35,neutral
₹13.35,neutral
₹13.35,neutral
₹13.35,neutral
0.00%,neutral
0.00%,neutral
0.00%,neutral
,neutral
add_circle_outline,neutral
add_circle_outline,neutral
add_circle_outline,neutral
,neutral
add_circle_outline,neutral
add_circle_outline,neutral
ITCITC Ltd₹427.501.12%add_circle_outline,neutral
ITCITC Ltd₹427.501.12%add_circle_outline,neutral
ITCITC Ltd₹427.501.12%,neutral
ITC,neutral
ITC,neutral
ITC Ltd,neutral
₹427.501.12%,neutral
₹427.50,neutral
₹427.50,neutral
₹427.50,neutral
₹427.50,neutral
1.12%,neutral
1.12%,neutral
1.12%,neutral
,neutral
,neutral
add_circle_outline,neutral
add_circle_outline,neutral
add_circle_outline,neutral
,neutral
add_circle_outline,neutral
add_circle_outline,neutral
NSNuStar Energy L.P.$22.840.52%add_circle_outline,positive
NSNuStar Energy L.P.$22.840.52%add_circle_outline,positive
NSNuStar Energy L.P.$22.840.52%,positive
NS,neutral
NS,neutral
NuStar Energy L.P.,positive
$22.840.52%,neutral
$22.84,neutral
$22.84,neutral
$22.84,neutral
$22.84,neutral
0.52%,neutral
0.52%,neutral
0.52%,neutral
,neutral
,neutral
add_circle_outline,neutral
add_circle_outline,neutral
add_circle_outline,neutral
,neutral
add_circle_outline,neutral
add_circle_outline,neutral
"IndexNIFTY 50020,715.100.24%add_circle_outline",neutral
"IndexNIFTY 50020,715.100.24%add_circle_outline",neutral
"IndexNIFTY 50020,715.100.24%",neutral
Index,neutral
Index,neutral
NIFTY 500,positive
"20,715.100.24%",neutral
"20,715.10",neutral
"20,715.10",neutral
"20,715.10",neutral
"20,715.10",neutral
0.24%,neutral
0.24%,neutral
0.24%,neutral
,neutral
,neutral
add_circle_outline,neutral
add_circle_outline,neutral
add_circle_outline,neutral
,neutral
add_circle_outline,neutral
add_circle_outline,neutral
"INDUSINDBKIndusind Bank Ltd₹1,552.350.51%add_circle_outline",neutral
"INDUSINDBKIndusind Bank Ltd₹1,552.350.51%add_circle_outline",neutral
"INDUSINDBKIndusind Bank Ltd₹1,552.350.51%",neutral
INDUSINDBK,neutral
INDUSINDBK,neutral
Indusind Bank Ltd,neutral
"₹1,552.350.51%",neutral
"₹1,552.35",neutral
"₹1,552.35",neutral
"₹1,552.35",neutral
"₹1,552.35",neutral
0.51%,neutral
0.51%,neutral
0.51%,neutral
,neutral
,neutral
add_circle_outline,neutral
add_circle_outline,neutral
add_circle_outline,neutral
,neutral
add_circle_outline,neutral
add_circle_outline,neutral
FRETAILFuture Retail Ltd₹2.554.08%add_circle_outline,neutral
FRETAILFuture Retail Ltd₹2.554.08%add_circle_outline,neutral
FRETAILFuture Retail Ltd₹2.554.08%,neutral
FRETAIL,neutral
FRETAIL,neutral
Future Retail Ltd,neutral
₹2.554.08%,neutral
₹2.55,neutral
₹2.55,neutral
₹2.55,neutral
₹2.55,neutral
4.08%,neutral
4.08%,neutral
4.08%,neutral
,neutral
,neutral
add_circle_outline,neutral
add_circle_outline,neutral
add_circle_outline,neutral
,neutral
add_circle_outline,neutral
add_circle_outline,neutral
IndexVIX16.031.96%add_circle_outline,neutral
IndexVIX16.031.96%add_circle_outline,neutral
IndexVIX16.031.96%,neutral
Index,neutral
Index,neutral
VIX,neutral
16.031.96%,neutral
16.03,neutral
16.03,neutral
16.03,neutral
16.03,neutral
1.96%,neutral
1.96%,neutral
1.96%,neutral
,neutral
,neutral
add_circle_outline,neutral
add_circle_outline,neutral
add_circle_outline,neutral
,neutral
add_circle_outline,neutral
add_circle_outline,neutral
UPLUPL Ltd₹494.000.21%add_circle_outline,neutral
UPLUPL Ltd₹494.000.21%add_circle_outline,neutral
UPLUPL Ltd₹494.000.21%,neutral
UPL,neutral
UPL,neutral
UPL Ltd,neutral
₹494.000.21%,neutral
₹494.00,neutral
₹494.00,neutral
₹494.00,neutral
₹494.00,neutral
0.21%,neutral
0.21%,neutral
0.21%,neutral
,neutral
,neutral
add_circle_outline,neutral
add_circle_outline,neutral
add_circle_outline,neutral
,neutral
add_circle_outline,neutral
add_circle_outline,neutral
"BHARTIARTLBharti Airtel Ltd₹1,190.001.40%add_circle_outline",neutral
"BHARTIARTLBharti Airtel Ltd₹1,190.001.40%add_circle_outline",neutral
"BHARTIARTLBharti Airtel Ltd₹1,190.001.40%",neutral
BHARTIARTL,neutral
BHARTIARTL,neutral
Bharti Airtel Ltd,neutral
"₹1,190.001.40%",neutral
"₹1,190.00",neutral
"₹1,190.00",neutral
"₹1,190.00",neutral
"₹1,190.00",neutral
1.40%,neutral
1.40%,neutral
1.40%,neutral
,neutral
,neutral
add_circle_outline,neutral
add_circle_outline,neutral
add_circle_outline,neutral
,neutral
add_circle_outline,neutral
add_circle_outline,neutral
,neutral
,neutral
,neutral
,neutral
,neutral
,neutral
,neutral
,neutral
,neutral
,neutral
,neutral
,neutral
,neutral
,neutral
,neutral
,neutral
"People also search forIndexBSE SENSEX74,248.220.028%add_circle_outlineIndexNifty Bank48,493.050.90%add_circle_outlineIndexDow Jones Industrial Average38,904.040.80%add_circle_outlineIndexNIFTY Next 5062,696.100.86%add_circle_outlineIndexNIFTY 50020,715.100.24%add_circle_outlineIndexNikkei 22538,992.081.96%add_circle_outlineIndexNifty VIX11.341.05%add_circle_outlineIndexHang Seng Index16,723.920.0071%add_circle_outlineIndexDAX PERFORMANCE-INDEX18,175.041.24%add_circle_outlineIndexFTSE 100 Index7,911.160.81%add_circle_outlineIndexNifty Financial Services21,556.650.86%add_circle_outlineIndexS&P 5005,204.341.11%add_circle_outlineIndexRussell 2000 Index2,063.470.47%add_circle_outlineIndexS&P BSE Midcap40,830.540.50%add_circle_outlineIndexVIX16.031.96%add_circle_outlineIndexKOSPI2,714.211.01%add_circle_outlineIndexNasdaq-10018,108.461.28%add_circle_outlineIndexCAC 408,061.311.11%add_circle_outline",neutral
People also search for,neutral
"IndexBSE SENSEX74,248.220.028%add_circle_outlineIndexNifty Bank48,493.050.90%add_circle_outlineIndexDow Jones Industrial Average38,904.040.80%add_circle_outlineIndexNIFTY Next 5062,696.100.86%add_circle_outlineIndexNIFTY 50020,715.100.24%add_circle_outlineIndexNikkei 22538,992.081.96%add_circle_outlineIndexNifty VIX11.341.05%add_circle_outlineIndexHang Seng Index16,723.920.0071%add_circle_outlineIndexDAX PERFORMANCE-INDEX18,175.041.24%add_circle_outlineIndexFTSE 100 Index7,911.160.81%add_circle_outlineIndexNifty Financial Services21,556.650.86%add_circle_outlineIndexS&P 5005,204.341.11%add_circle_outlineIndexRussell 2000 Index2,063.470.47%add_circle_outlineIndexS&P BSE Midcap40,830.540.50%add_circle_outlineIndexVIX16.031.96%add_circle_outlineIndexKOSPI2,714.211.01%add_circle_outlineIndexNasdaq-10018,108.461.28%add_circle_outlineIndexCAC 408,061.311.11%add_circle_outline",neutral
"IndexBSE SENSEX74,248.220.028%add_circle_outlineIndexNifty Bank48,493.050.90%add_circle_outlineIndexDow Jones Industrial Average38,904.040.80%add_circle_outlineIndexNIFTY Next 5062,696.100.86%add_circle_outlineIndexNIFTY 50020,715.100.24%add_circle_outlineIndexNikkei 22538,992.081.96%add_circle_outlineIndexNifty VIX11.341.05%add_circle_outlineIndexHang Seng Index16,723.920.0071%add_circle_outlineIndexDAX PERFORMANCE-INDEX18,175.041.24%add_circle_outlineIndexFTSE 100 Index7,911.160.81%add_circle_outlineIndexNifty Financial Services21,556.650.86%add_circle_outlineIndexS&P 5005,204.341.11%add_circle_outlineIndexRussell 2000 Index2,063.470.47%add_circle_outlineIndexS&P BSE Midcap40,830.540.50%add_circle_outlineIndexVIX16.031.96%add_circle_outlineIndexKOSPI2,714.211.01%add_circle_outlineIndexNasdaq-10018,108.461.28%add_circle_outlineIndexCAC 408,061.311.11%add_circle_outline",neutral
"IndexBSE SENSEX74,248.220.028%add_circle_outlineIndexNifty Bank48,493.050.90%add_circle_outlineIndexDow Jones Industrial Average38,904.040.80%add_circle_outlineIndexNIFTY Next 5062,696.100.86%add_circle_outlineIndexNIFTY 50020,715.100.24%add_circle_outlineIndexNikkei 22538,992.081.96%add_circle_outlineIndexNifty VIX11.341.05%add_circle_outlineIndexHang Seng Index16,723.920.0071%add_circle_outlineIndexDAX PERFORMANCE-INDEX18,175.041.24%add_circle_outlineIndexFTSE 100 Index7,911.160.81%add_circle_outlineIndexNifty Financial Services21,556.650.86%add_circle_outlineIndexS&P 5005,204.341.11%add_circle_outlineIndexRussell 2000 Index2,063.470.47%add_circle_outlineIndexS&P BSE Midcap40,830.540.50%add_circle_outlineIndexVIX16.031.96%add_circle_outlineIndexKOSPI2,714.211.01%add_circle_outlineIndexNasdaq-10018,108.461.28%add_circle_outlineIndexCAC 408,061.311.11%add_circle_outline",neutral
"IndexBSE SENSEX74,248.220.028%add_circle_outlineIndexNifty Bank48,493.050.90%add_circle_outlineIndexDow Jones Industrial Average38,904.040.80%add_circle_outlineIndexNIFTY Next 5062,696.100.86%add_circle_outlineIndexNIFTY 50020,715.100.24%add_circle_outlineIndexNikkei 22538,992.081.96%add_circle_outlineIndexNifty VIX11.341.05%add_circle_outlineIndexHang Seng Index16,723.920.0071%add_circle_outlineIndexDAX PERFORMANCE-INDEX18,175.041.24%add_circle_outlineIndexFTSE 100 Index7,911.160.81%add_circle_outlineIndexNifty Financial Services21,556.650.86%add_circle_outlineIndexS&P 5005,204.341.11%add_circle_outlineIndexRussell 2000 Index2,063.470.47%add_circle_outlineIndexS&P BSE Midcap40,830.540.50%add_circle_outlineIndexVIX16.031.96%add_circle_outlineIndexKOSPI2,714.211.01%add_circle_outlineIndexNasdaq-10018,108.461.28%add_circle_outlineIndexCAC 408,061.311.11%add_circle_outline",neutral
"IndexBSE SENSEX74,248.220.028%add_circle_outline",neutral
"IndexBSE SENSEX74,248.220.028%add_circle_outline",neutral
"IndexBSE SENSEX74,248.220.028%",neutral
Index,neutral
Index,neutral
BSE SENSEX,neutral
"74,248.220.028%",neutral
"74,248.22",neutral
"74,248.22",neutral
"74,248.22",neutral
"74,248.22",neutral
0.028%,neutral
0.028%,neutral
0.028%,neutral
,neutral
,neutral
add_circle_outline,neutral
add_circle_outline,neutral
add_circle_outline,neutral
,neutral
add_circle_outline,neutral
add_circle_outline,neutral
"IndexNifty Bank48,493.050.90%add_circle_outline",neutral
"IndexNifty Bank48,493.050.90%add_circle_outline",neutral
"IndexNifty Bank48,493.050.90%",neutral
Index,neutral
Index,neutral
Nifty Bank,positive
"48,493.050.90%",neutral
"48,493.05",neutral
"48,493.05",neutral
"48,493.05",neutral
"48,493.05",neutral
0.90%,neutral
0.90%,neutral
0.90%,neutral
,neutral
,neutral
add_circle_outline,neutral
add_circle_outline,neutral
add_circle_outline,neutral
,neutral
add_circle_outline,neutral
add_circle_outline,neutral
"IndexDow Jones Industrial Average38,904.040.80%add_circle_outline",neutral
"IndexDow Jones Industrial Average38,904.040.80%add_circle_outline",neutral
"IndexDow Jones Industrial Average38,904.040.80%",neutral
Index,neutral
Index,neutral
Dow Jones Industrial Average,neutral
"38,904.040.80%",neutral
"38,904.04",neutral
"38,904.04",neutral
"38,904.04",neutral
"38,904.04",neutral
0.80%,neutral
0.80%,neutral
0.80%,neutral
,neutral
,neutral
add_circle_outline,neutral
add_circle_outline,neutral
add_circle_outline,neutral
,neutral
add_circle_outline,neutral
add_circle_outline,neutral
"IndexNIFTY Next 5062,696.100.86%add_circle_outline",neutral
"IndexNIFTY Next 5062,696.100.86%add_circle_outline",neutral
"IndexNIFTY Next 5062,696.100.86%",neutral
Index,neutral
Index,neutral
NIFTY Next 50,positive
"62,696.100.86%",neutral
"62,696.10",neutral
"62,696.10",neutral
"62,696.10",neutral
"62,696.10",neutral
0.86%,neutral
0.86%,neutral
0.86%,neutral
,neutral
,neutral
add_circle_outline,neutral
add_circle_outline,neutral
add_circle_outline,neutral
,neutral
add_circle_outline,neutral
add_circle_outline,neutral
"IndexNIFTY 50020,715.100.24%add_circle_outline",neutral
"IndexNIFTY 50020,715.100.24%add_circle_outline",neutral
"IndexNIFTY 50020,715.100.24%",neutral
Index,neutral
Index,neutral
NIFTY 500,positive
"20,715.100.24%",neutral
"20,715.10",neutral
"20,715.10",neutral
"20,715.10",neutral
"20,715.10",neutral
0.24%,neutral
0.24%,neutral
0.24%,neutral
,neutral
,neutral
add_circle_outline,neutral
add_circle_outline,neutral
add_circle_outline,neutral
,neutral
add_circle_outline,neutral
add_circle_outline,neutral
"IndexNikkei 22538,992.081.96%add_circle_outline",neutral
"IndexNikkei 22538,992.081.96%add_circle_outline",neutral
"IndexNikkei 22538,992.081.96%",neutral
Index,neutral
Index,neutral
Nikkei 225,neutral
"38,992.081.96%",neutral
"38,992.08",neutral
"38,992.08",neutral
"38,992.08",neutral
"38,992.08",neutral
1.96%,neutral
1.96%,neutral
1.96%,neutral
,neutral
,neutral
add_circle_outline,neutral
add_circle_outline,neutral
add_circle_outline,neutral
,neutral
add_circle_outline,neutral
add_circle_outline,neutral
IndexNifty VIX11.341.05%add_circle_outline,neutral
IndexNifty VIX11.341.05%add_circle_outline,neutral
IndexNifty VIX11.341.05%,neutral
Index,neutral
Index,neutral
Nifty VIX,positive
11.341.05%,neutral
11.34,neutral
11.34,neutral
11.34,neutral
11.34,neutral
1.05%,neutral
1.05%,neutral
1.05%,neutral
,neutral
,neutral
add_circle_outline,neutral
add_circle_outline,neutral
add_circle_outline,neutral
,neutral
add_circle_outline,neutral
add_circle_outline,neutral
"IndexHang Seng Index16,723.920.0071%add_circle_outline",neutral
"IndexHang Seng Index16,723.920.0071%add_circle_outline",neutral
"IndexHang Seng Index16,723.920.0071%",neutral
Index,neutral
Index,neutral
Hang Seng Index,neutral
"16,723.920.0071%",neutral
"16,723.92",neutral
"16,723.92",neutral
"16,723.92",neutral
"16,723.92",neutral
0.0071%,neutral
0.0071%,neutral
0.0071%,neutral
,neutral
,neutral
add_circle_outline,neutral
add_circle_outline,neutral
add_circle_outline,neutral
,neutral
add_circle_outline,neutral
add_circle_outline,neutral
"IndexDAX PERFORMANCE-INDEX18,175.041.24%add_circle_outline",neutral
"IndexDAX PERFORMANCE-INDEX18,175.041.24%add_circle_outline",neutral
"IndexDAX PERFORMANCE-INDEX18,175.041.24%",neutral
Index,neutral
Index,neutral
DAX PERFORMANCE-INDEX,neutral
"18,175.041.24%",neutral
"18,175.04",neutral
"18,175.04",neutral
"18,175.04",neutral
"18,175.04",neutral
1.24%,neutral
1.24%,neutral
1.24%,neutral
,neutral
,neutral
add_circle_outline,neutral
add_circle_outline,neutral
add_circle_outline,neutral
,neutral
add_circle_outline,neutral
add_circle_outline,neutral
"IndexFTSE 100 Index7,911.160.81%add_circle_outline",neutral
"IndexFTSE 100 Index7,911.160.81%add_circle_outline",neutral
"IndexFTSE 100 Index7,911.160.81%",neutral
Index,neutral
Index,neutral
FTSE 100 Index,neutral
"7,911.160.81%",neutral
"7,911.16",neutral
"7,911.16",neutral
"7,911.16",neutral
"7,911.16",neutral
0.81%,neutral
0.81%,neutral
0.81%,neutral
,neutral
,neutral
add_circle_outline,neutral
add_circle_outline,neutral
add_circle_outline,neutral
,neutral
add_circle_outline,neutral
add_circle_outline,neutral
"IndexNifty Financial Services21,556.650.86%add_circle_outline",neutral
"IndexNifty Financial Services21,556.650.86%add_circle_outline",neutral
"IndexNifty Financial Services21,556.650.86%",neutral
Index,neutral
Index,neutral
Nifty Financial Services,positive
"21,556.650.86%",neutral
"21,556.65",neutral
"21,556.65",neutral
"21,556.65",neutral
"21,556.65",neutral
0.86%,neutral
0.86%,neutral
0.86%,neutral
,neutral
,neutral
add_circle_outline,neutral
add_circle_outline,neutral
add_circle_outline,neutral
,neutral
add_circle_outline,neutral
add_circle_outline,neutral
"IndexS&P 5005,204.341.11%add_circle_outline",neutral
"IndexS&P 5005,204.341.11%add_circle_outline",neutral
"IndexS&P 5005,204.341.11%",neutral
Index,neutral
Index,neutral
S&P 500,neutral
"5,204.341.11%",neutral
"5,204.34",neutral
"5,204.34",neutral
"5,204.34",neutral
"5,204.34",neutral
1.11%,neutral
1.11%,neutral
1.11%,neutral
,neutral
,neutral
add_circle_outline,neutral
add_circle_outline,neutral
add_circle_outline,neutral
,neutral
add_circle_outline,neutral
add_circle_outline,neutral
"IndexRussell 2000 Index2,063.470.47%add_circle_outline",neutral
"IndexRussell 2000 Index2,063.470.47%add_circle_outline",neutral
"IndexRussell 2000 Index2,063.470.47%",neutral
Index,neutral
Index,neutral
Russell 2000 Index,neutral
"2,063.470.47%",neutral
"2,063.47",neutral
"2,063.47",neutral
"2,063.47",neutral
"2,063.47",neutral
0.47%,neutral
0.47%,neutral
0.47%,neutral
,neutral
,neutral
add_circle_outline,neutral
add_circle_outline,neutral
add_circle_outline,neutral
,neutral
add_circle_outline,neutral
add_circle_outline,neutral
"IndexS&P BSE Midcap40,830.540.50%add_circle_outline",neutral
"IndexS&P BSE Midcap40,830.540.50%add_circle_outline",neutral
"IndexS&P BSE Midcap40,830.540.50%",neutral
Index,neutral
Index,neutral
S&P BSE Midcap,neutral
"40,830.540.50%",neutral
"40,830.54",neutral
"40,830.54",neutral
"40,830.54",neutral
"40,830.54",neutral
0.50%,neutral
0.50%,neutral
0.50%,neutral
,neutral
,neutral
add_circle_outline,neutral
add_circle_outline,neutral
add_circle_outline,neutral
,neutral
add_circle_outline,neutral
add_circle_outline,neutral
IndexVIX16.031.96%add_circle_outline,neutral
IndexVIX16.031.96%add_circle_outline,neutral
IndexVIX16.031.96%,neutral
Index,neutral
Index,neutral
VIX,neutral
16.031.96%,neutral
16.03,neutral
16.03,neutral
16.03,neutral
16.03,neutral
1.96%,neutral
1.96%,neutral
1.96%,neutral
,neutral
,neutral
add_circle_outline,neutral
add_circle_outline,neutral
add_circle_outline,neutral
,neutral
add_circle_outline,neutral
add_circle_outline,neutral
"IndexKOSPI2,714.211.01%add_circle_outline",neutral
"IndexKOSPI2,714.211.01%add_circle_outline",neutral
"IndexKOSPI2,714.211.01%",neutral
Index,neutral
Index,neutral
KOSPI,neutral
"2,714.211.01%",neutral
"2,714.21",neutral
"2,714.21",neutral
"2,714.21",neutral
"2,714.21",neutral
1.01%,neutral
1.01%,neutral
1.01%,neutral
,neutral
,neutral
add_circle_outline,neutral
add_circle_outline,neutral
add_circle_outline,neutral
,neutral
add_circle_outline,neutral
add_circle_outline,neutral
"IndexNasdaq-10018,108.461.28%add_circle_outline",neutral
"IndexNasdaq-10018,108.461.28%add_circle_outline",neutral
"IndexNasdaq-10018,108.461.28%",neutral
Index,neutral
Index,neutral
Nasdaq-100,neutral
"18,108.461.28%",neutral
"18,108.46",neutral
"18,108.46",neutral
"18,108.46",neutral
"18,108.46",neutral
1.28%,neutral
1.28%,neutral
1.28%,neutral
,neutral
,neutral
add_circle_outline,neutral
add_circle_outline,neutral
add_circle_outline,neutral
,neutral
add_circle_outline,neutral
add_circle_outline,neutral
"IndexCAC 408,061.311.11%add_circle_outline",neutral
"IndexCAC 408,061.311.11%add_circle_outline",neutral
"IndexCAC 408,061.311.11%",neutral
Index,neutral
Index,neutral
CAC 40,neutral
"8,061.311.11%",neutral
"8,061.31",neutral
"8,061.31",neutral
"8,061.31",neutral
"8,061.31",neutral
1.11%,neutral
1.11%,neutral
1.11%,neutral
,neutral
,neutral
add_circle_outline,neutral
add_circle_outline,neutral
add_circle_outline,neutral
,neutral
add_circle_outline,neutral
add_circle_outline,neutral
,neutral
,neutral
,neutral
,neutral
,neutral
,neutral
,neutral
,neutral
,neutral
,neutral
,neutral
,neutral
,neutral
,neutral
,neutral
,neutral
HelpSend feedbackPrivacyTermsDisclaimer,neutral
HelpSend feedbackPrivacyTermsDisclaimer,neutral
HelpSend feedbackPrivacyTermsDisclaimer,neutral
Send feedback,neutral
,neutral
SearchClear searchClose searchGoogle appsMain menu,neutral
Search,neutral
Clear search,positive
Close search,neutral
Google apps,neutral
Main menu,neutral
